-- MySQL dump 10.13  Distrib 8.0.46, for Linux (x86_64)
--
-- Host: localhost    Database: ksp_crime_db
-- ------------------------------------------------------
-- Server version	8.0.46-0ubuntu0.22.04.2

/*!40101 SET @OLD_CHARACTER_SET_CLIENT=@@CHARACTER_SET_CLIENT */;
/*!40101 SET @OLD_CHARACTER_SET_RESULTS=@@CHARACTER_SET_RESULTS */;
/*!40101 SET @OLD_COLLATION_CONNECTION=@@COLLATION_CONNECTION */;
/*!50503 SET NAMES utf8mb4 */;
/*!40103 SET @OLD_TIME_ZONE=@@TIME_ZONE */;
/*!40103 SET TIME_ZONE='+00:00' */;
/*!40014 SET @OLD_UNIQUE_CHECKS=@@UNIQUE_CHECKS, UNIQUE_CHECKS=0 */;
/*!40014 SET @OLD_FOREIGN_KEY_CHECKS=@@FOREIGN_KEY_CHECKS, FOREIGN_KEY_CHECKS=0 */;
/*!40101 SET @OLD_SQL_MODE=@@SQL_MODE, SQL_MODE='NO_AUTO_VALUE_ON_ZERO' */;
/*!40111 SET @OLD_SQL_NOTES=@@SQL_NOTES, SQL_NOTES=0 */;

--
-- Table structure for table `accused`
--

DROP TABLE IF EXISTS `accused`;
/*!40101 SET @saved_cs_client     = @@character_set_client */;
/*!50503 SET character_set_client = utf8mb4 */;
CREATE TABLE `accused` (
  `accused_id` int NOT NULL AUTO_INCREMENT,
  `fir_id` int NOT NULL,
  `full_name` varchar(100) DEFAULT NULL,
  `alias` varchar(100) DEFAULT NULL,
  `age` int DEFAULT NULL,
  `gender` enum('male','female','other','unknown') DEFAULT 'unknown',
  `address` text,
  `phone` varchar(15) DEFAULT NULL,
  `id_type` varchar(30) DEFAULT NULL,
  `id_number` varchar(50) DEFAULT NULL,
  `prior_fir_count` int DEFAULT '0',
  `arrest_status` enum('arrested','at_large','unknown') DEFAULT 'unknown',
  `arrest_date` date DEFAULT NULL,
  `notes` text,
  `created_at` timestamp NULL DEFAULT CURRENT_TIMESTAMP,
  PRIMARY KEY (`accused_id`),
  KEY `idx_accused_fir` (`fir_id`),
  KEY `idx_accused_name` (`full_name`),
  CONSTRAINT `accused_ibfk_1` FOREIGN KEY (`fir_id`) REFERENCES `fir_master` (`fir_id`)
) ENGINE=InnoDB AUTO_INCREMENT=261 DEFAULT CHARSET=utf8mb4 COLLATE=utf8mb4_0900_ai_ci;
/*!40101 SET character_set_client = @saved_cs_client */;

--
-- Dumping data for table `accused`
--

LOCK TABLES `accused` WRITE;
/*!40000 ALTER TABLE `accused` DISABLE KEYS */;
INSERT INTO `accused` VALUES (1,1,'Mahesh Gowda','Bullet Mahesh',34,'male','No 42, 1st Cross, Koramangala, Bengaluru',NULL,'Aadhaar','3421-9988-1002',8,'at_large',NULL,'Known leader of regional theft and assault gang. Frequents Koramangala and HSR Layout.','2026-06-13 10:46:18'),(2,2,'Mahesh Gowda','Bullet Mahesh',34,'male','No 42, 1st Cross, Koramangala, Bengaluru',NULL,'Aadhaar','3421-9988-1002',8,'at_large',NULL,'Known leader of regional theft and assault gang. Frequents Koramangala and HSR Layout.','2026-06-13 10:46:18'),(3,3,'Mahesh Gowda','Bullet Mahesh',34,'male','No 42, 1st Cross, Koramangala, Bengaluru',NULL,'Aadhaar','3421-9988-1002',8,'at_large',NULL,'Known leader of regional theft and assault gang. Frequents Koramangala and HSR Layout.','2026-06-13 10:46:18'),(4,4,'Mahesh Gowda','Bullet Mahesh',34,'male','No 42, 1st Cross, Koramangala, Bengaluru',NULL,'Aadhaar','3421-9988-1002',8,'at_large',NULL,'Known leader of regional theft and assault gang. Frequents Koramangala and HSR Layout.','2026-06-13 10:46:18'),(5,51,'Mahesh Gowda','Bullet Mahesh',34,'male','No 42, 1st Cross, Koramangala, Bengaluru',NULL,'Aadhaar','3421-9988-1002',8,'at_large',NULL,'Known leader of regional theft and assault gang. Frequents Koramangala and HSR Layout.','2026-06-13 10:46:18'),(6,52,'Mahesh Gowda','Bullet Mahesh',34,'male','No 42, 1st Cross, Koramangala, Bengaluru',NULL,'Aadhaar','3421-9988-1002',8,'at_large',NULL,'Known leader of regional theft and assault gang. Frequents Koramangala and HSR Layout.','2026-06-13 10:46:18'),(7,191,'Mahesh Gowda','Bullet Mahesh',34,'male','No 42, 1st Cross, Koramangala, Bengaluru',NULL,'Aadhaar','3421-9988-1002',8,'at_large',NULL,'Known leader of regional theft and assault gang. Frequents Koramangala and HSR Layout.','2026-06-13 10:46:18'),(8,86,'Mahesh Gowda','Bullet Mahesh',34,'male','No 42, 1st Cross, Koramangala, Bengaluru',NULL,'Aadhaar','3421-9988-1002',8,'at_large',NULL,'Known leader of regional theft and assault gang. Frequents Koramangala and HSR Layout.','2026-06-13 10:46:18'),(9,5,'Ravi Kumar','Ravi Thief',28,'male','Slum Area near Shivajinagar, Bengaluru',NULL,'PAN','BVPPR4532L',5,'arrested',NULL,'Habitual house thief. Specializes in breaking window grilles.','2026-06-13 10:46:18'),(10,6,'Ravi Kumar','Ravi Thief',28,'male','Slum Area near Shivajinagar, Bengaluru',NULL,'PAN','BVPPR4532L',5,'arrested',NULL,'Habitual house thief. Specializes in breaking window grilles.','2026-06-13 10:46:18'),(11,7,'Ravi Kumar','Ravi Thief',28,'male','Slum Area near Shivajinagar, Bengaluru',NULL,'PAN','BVPPR4532L',5,'arrested',NULL,'Habitual house thief. Specializes in breaking window grilles.','2026-06-13 10:46:18'),(12,8,'Ravi Kumar','Ravi Thief',28,'male','Slum Area near Shivajinagar, Bengaluru',NULL,'PAN','BVPPR4532L',5,'arrested',NULL,'Habitual house thief. Specializes in breaking window grilles.','2026-06-13 10:46:18'),(13,9,'Ravi Kumar','Ravi Thief',28,'male','Slum Area near Shivajinagar, Bengaluru',NULL,'PAN','BVPPR4532L',5,'arrested',NULL,'Habitual house thief. Specializes in breaking window grilles.','2026-06-13 10:46:18'),(14,116,'Suresh Nayak','None',45,'male','Flat 302, Green Glen Layout, Bellandur, Bengaluru',NULL,'Aadhaar','9088-7711-2233',4,'at_large',NULL,'White-collar criminal involved in property sales fraud.','2026-06-13 10:46:18'),(15,117,'Suresh Nayak','None',45,'male','Flat 302, Green Glen Layout, Bellandur, Bengaluru',NULL,'Aadhaar','9088-7711-2233',4,'at_large',NULL,'White-collar criminal involved in property sales fraud.','2026-06-13 10:46:18'),(16,118,'Suresh Nayak','None',45,'male','Flat 302, Green Glen Layout, Bellandur, Bengaluru',NULL,'Aadhaar','9088-7711-2233',4,'at_large',NULL,'White-collar criminal involved in property sales fraud.','2026-06-13 10:46:18'),(17,119,'Suresh Nayak','None',45,'male','Flat 302, Green Glen Layout, Bellandur, Bengaluru',NULL,'Aadhaar','9088-7711-2233',4,'at_large',NULL,'White-collar criminal involved in property sales fraud.','2026-06-13 10:46:18'),(18,141,'Pavan Reddy','None',26,'male','PG Accommodation, Hebbal, Bengaluru',NULL,'Aadhaar','5432-8877-1199',3,'at_large',NULL,'Handles phishing page design and domain deployment.','2026-06-13 10:46:18'),(19,142,'Pavan Reddy','None',26,'male','PG Accommodation, Hebbal, Bengaluru',NULL,'Aadhaar','5432-8877-1199',3,'at_large',NULL,'Handles phishing page design and domain deployment.','2026-06-13 10:46:18'),(20,143,'Pavan Reddy','None',26,'male','PG Accommodation, Hebbal, Bengaluru',NULL,'Aadhaar','5432-8877-1199',3,'at_large',NULL,'Handles phishing page design and domain deployment.','2026-06-13 10:46:18'),(21,53,'Anand Shetty','None',39,'male','Benson Town, Shivajinagar, Bengaluru',NULL,'Aadhaar','1290-7856-3412',3,'arrested',NULL,'Short-tempered, involved in multiple bar fights and street brawls.','2026-06-13 10:46:18'),(22,54,'Anand Shetty','None',39,'male','Benson Town, Shivajinagar, Bengaluru',NULL,'Aadhaar','1290-7856-3412',3,'arrested',NULL,'Short-tempered, involved in multiple bar fights and street brawls.','2026-06-13 10:46:18'),(23,55,'Anand Shetty','None',39,'male','Benson Town, Shivajinagar, Bengaluru',NULL,'Aadhaar','1290-7856-3412',3,'arrested',NULL,'Short-tempered, involved in multiple bar fights and street brawls.','2026-06-13 10:46:18'),(24,10,'Manjunatha Aradhya','None',18,'male','No 3, Cross Road, Bengaluru','9668457864','Voter ID','ID-80220',2,'arrested',NULL,NULL,'2026-06-13 10:46:18'),(25,10,'Nagaraj Prasad','\"Nagaraj Thief\"',24,'male','No 13, Cross Road, Bengaluru','9663054538','PAN','ID-41584',0,'at_large',NULL,NULL,'2026-06-13 10:46:18'),(26,10,'Shiva Naik','None',41,'male','No 52, Cross Road, Bengaluru','9592845076','PAN','ID-39603',0,'at_large',NULL,NULL,'2026-06-13 10:46:18'),(27,11,'Kiran Kumar','None',43,'male','No 49, Cross Road, Bengaluru','9504982743','None','ID-17355',0,'at_large',NULL,NULL,'2026-06-13 10:46:18'),(28,11,'Puneeth Bhat','None',51,'male','No 6, Cross Road, Bengaluru','9346709900','PAN','ID-84289',0,'arrested',NULL,NULL,'2026-06-13 10:46:18'),(29,11,'Shiva Aradhya','None',29,'male','No 41, Cross Road, Bengaluru','9116812751','PAN','ID-86943',0,'at_large',NULL,NULL,'2026-06-13 10:46:18'),(30,12,'Pradeep Raju','\"Pradeep Thief\"',54,'male','No 31, Cross Road, Bengaluru','9708485104','None','ID-98740',1,'arrested',NULL,NULL,'2026-06-13 10:46:18'),(31,12,'Girish Shetty','None',21,'male','No 13, Cross Road, Bengaluru','9569319938','PAN','ID-19963',0,'at_large',NULL,NULL,'2026-06-13 10:46:18'),(32,12,'Suspect','None',38,'unknown','No 4, Cross Road, Bengaluru','9780884334','Voter ID','ID-69054',0,'arrested',NULL,NULL,'2026-06-13 10:46:18'),(33,13,'Swathi Patil','None',23,'female','No 99, Cross Road, Bengaluru','9764233758','Voter ID','ID-42302',0,'arrested',NULL,NULL,'2026-06-13 10:46:18'),(34,13,'Prakash Nayak','None',38,'male','No 47, Cross Road, Bengaluru','9214408183','Aadhaar','1085-6050-8286',0,'arrested',NULL,NULL,'2026-06-13 10:46:18'),(35,13,'Anil Prasad','None',53,'male','No 72, Cross Road, Bengaluru','9650229169','None','ID-23538',0,'arrested',NULL,NULL,'2026-06-13 10:46:18'),(36,14,'Mohan Bhat','None',18,'male','No 38, Cross Road, Bengaluru','9544325176','None','ID-21101',0,'at_large',NULL,NULL,'2026-06-13 10:46:18'),(37,14,'Suspect','\"Suspect Thief\"',54,'unknown','No 67, Cross Road, Bengaluru','9282088279','None','ID-32216',0,'arrested',NULL,NULL,'2026-06-13 10:46:18'),(38,14,'Pradeep Patil','None',35,'male','No 54, Cross Road, Bengaluru','9421856529','None','ID-20082',0,'unknown',NULL,NULL,'2026-06-13 10:46:18'),(39,15,'Vinay Hegde','None',24,'male','No 18, Cross Road, Bengaluru','9427124037','Aadhaar','7483-6443-7224',1,'arrested',NULL,NULL,'2026-06-13 10:46:18'),(40,15,'Kiran Nayak','None',38,'male','No 78, Cross Road, Bengaluru','9846564420','PAN','ID-72784',0,'unknown',NULL,NULL,'2026-06-13 10:46:18'),(41,15,'Suspect','None',58,'unknown','No 63, Cross Road, Bengaluru','9718345671','PAN','ID-52714',0,'at_large',NULL,NULL,'2026-06-13 10:46:18'),(42,16,'Raghav Hegde','\"Raghav Thief\"',53,'male','No 4, Cross Road, Bengaluru','9880839406','None','ID-37479',0,'arrested',NULL,NULL,'2026-06-13 10:46:18'),(43,16,'Puneeth Joshi','\"Puneeth Thief\"',58,'male','No 39, Cross Road, Bengaluru','9359868249','Voter ID','ID-96332',0,'at_large',NULL,NULL,'2026-06-13 10:46:18'),(44,16,'Yash Joshi','None',52,'male','No 65, Cross Road, Bengaluru','9842716738','None','ID-81256',0,'unknown',NULL,NULL,'2026-06-13 10:46:18'),(45,17,'Manjunatha Shetty','None',33,'male','No 85, Cross Road, Bengaluru','9813709631','Voter ID','ID-31802',0,'arrested',NULL,NULL,'2026-06-13 10:46:18'),(46,17,'Suspect','None',39,'unknown','No 56, Cross Road, Bengaluru','9213757100','Aadhaar','2615-5239-4637',0,'at_large',NULL,NULL,'2026-06-13 10:46:18'),(47,17,'Ravi Reddy','None',41,'male','No 51, Cross Road, Bengaluru','9597210335','PAN','ID-55215',2,'at_large',NULL,NULL,'2026-06-13 10:46:18'),(48,18,'Pradeep Rao','\"Pradeep Thief\"',40,'male','No 40, Cross Road, Bengaluru','9468365044','None','ID-37114',0,'arrested',NULL,NULL,'2026-06-13 10:46:18'),(49,18,'Sanjay Acharya','None',22,'male','No 39, Cross Road, Bengaluru','9147978060','Aadhaar','1370-6620-2791',0,'arrested',NULL,NULL,'2026-06-13 10:46:18'),(50,18,'Suspect','\"Suspect Thief\"',51,'unknown','No 23, Cross Road, Bengaluru','9692609167','PAN','ID-53383',0,'unknown',NULL,NULL,'2026-06-13 10:46:18'),(51,19,'Darshan Patil','\"Darshan Thief\"',58,'male','No 85, Cross Road, Bengaluru','9564000836','None','ID-13826',0,'at_large',NULL,NULL,'2026-06-13 10:46:18'),(52,19,'Puneeth Naik','None',31,'male','No 27, Cross Road, Bengaluru','9398870482','Aadhaar','2667-9796-4063',0,'arrested',NULL,NULL,'2026-06-13 10:46:18'),(53,19,'Nagaraj Joshi','None',56,'male','No 50, Cross Road, Bengaluru','9756387421','None','ID-86939',0,'arrested',NULL,NULL,'2026-06-13 10:46:18'),(54,20,'Anil Raju','None',26,'male','No 41, Cross Road, Bengaluru','9226552991','PAN','ID-50026',0,'arrested',NULL,NULL,'2026-06-13 10:46:18'),(55,20,'Darshan Prasad','\"Darshan Thief\"',54,'male','No 50, Cross Road, Bengaluru','9554234434','PAN','ID-73788',0,'at_large',NULL,NULL,'2026-06-13 10:46:18'),(56,21,'Anil Aradhya','\"Anil Thief\"',49,'male','No 37, Cross Road, Bengaluru','9250642261','PAN','ID-51232',1,'at_large',NULL,NULL,'2026-06-13 10:46:18'),(57,21,'Deepa Joshi','\"Deepa Thief\"',30,'female','No 50, Cross Road, Bengaluru','9702994164','None','ID-63626',0,'at_large',NULL,NULL,'2026-06-13 10:46:18'),(58,22,'Vinay Patil','None',54,'male','No 4, Cross Road, Bengaluru','9954570592','PAN','ID-48284',0,'arrested',NULL,NULL,'2026-06-13 10:46:18'),(59,22,'Yash Joshi','None',54,'male','No 15, Cross Road, Bengaluru','9387643522','Voter ID','ID-81046',1,'arrested',NULL,NULL,'2026-06-13 10:46:18'),(60,23,'Manjunatha Hegde','None',24,'male','No 95, Cross Road, Bengaluru','9991281644','PAN','ID-49021',1,'arrested',NULL,NULL,'2026-06-13 10:46:18'),(61,23,'Pradeep Acharya','None',33,'male','No 27, Cross Road, Bengaluru','9970485411','Voter ID','ID-89988',0,'arrested',NULL,NULL,'2026-06-13 10:46:18'),(62,24,'Sunil Hegde','None',54,'male','No 45, Cross Road, Bengaluru','9671532152','Voter ID','ID-88231',0,'arrested',NULL,NULL,'2026-06-13 10:46:18'),(63,24,'Guru Murthy','None',26,'male','No 97, Cross Road, Bengaluru','9943629337','None','ID-17770',2,'at_large',NULL,NULL,'2026-06-13 10:46:18'),(64,25,'Girish Reddy','\"Girish Thief\"',38,'male','No 32, Cross Road, Bengaluru','9917626034','None','ID-74154',0,'at_large',NULL,NULL,'2026-06-13 10:46:18'),(65,25,'Darshan Acharya','None',58,'male','No 99, Cross Road, Bengaluru','9199959766','None','ID-77582',0,'at_large',NULL,NULL,'2026-06-13 10:46:18'),(66,26,'Asha Joshi','None',55,'female','No 1, Cross Road, Bengaluru','9931221434','Aadhaar','8511-6869-2037',0,'arrested',NULL,NULL,'2026-06-13 10:46:18'),(67,26,'Suspect','\"Suspect Thief\"',49,'unknown','No 35, Cross Road, Bengaluru','9446673808','Voter ID','ID-54270',0,'arrested',NULL,NULL,'2026-06-13 10:46:18'),(68,27,'Radha Kumar','None',24,'female','No 81, Cross Road, Bengaluru','9941695219','None','ID-12134',0,'at_large',NULL,NULL,'2026-06-13 10:46:18'),(69,27,'Karthik Prasad','\"Karthik Thief\"',26,'male','No 84, Cross Road, Bengaluru','9424125621','PAN','ID-45916',0,'arrested',NULL,NULL,'2026-06-13 10:46:19'),(70,28,'Nagaraj Patil','None',43,'male','No 81, Cross Road, Bengaluru','9428038048','PAN','ID-66260',0,'at_large',NULL,NULL,'2026-06-13 10:46:19'),(71,28,'Vinay Shetty','\"Vinay Thief\"',55,'male','No 29, Cross Road, Bengaluru','9657749020','None','ID-11217',0,'arrested',NULL,NULL,'2026-06-13 10:46:19'),(72,29,'Puneeth Nayak','None',22,'male','No 30, Cross Road, Bengaluru','9511318205','Aadhaar','2678-2690-6133',0,'arrested',NULL,NULL,'2026-06-13 10:46:19'),(73,29,'Girish Nayak','None',51,'male','No 73, Cross Road, Bengaluru','9109099680','PAN','ID-67684',0,'arrested',NULL,NULL,'2026-06-13 10:46:19'),(74,30,'Puneeth Acharya','\"Puneeth Thief\"',23,'male','No 13, Cross Road, Bengaluru','9250337960','Aadhaar','7291-6759-8035',0,'arrested',NULL,NULL,'2026-06-13 10:46:19'),(75,30,'Pradeep Reddy','None',19,'male','No 85, Cross Road, Bengaluru','9423893509','PAN','ID-77862',0,'arrested',NULL,NULL,'2026-06-13 10:46:19'),(76,31,'Kiran Kumar','\"Kiran Thief\"',49,'male','No 50, Cross Road, Bengaluru','9221057584','PAN','ID-75481',0,'arrested',NULL,NULL,'2026-06-13 10:46:19'),(77,31,'Deepa Raj','None',26,'female','No 50, Cross Road, Bengaluru','9710293796','None','ID-57895',0,'arrested',NULL,NULL,'2026-06-13 10:46:19'),(78,32,'Pradeep Gowda','None',18,'male','No 34, Cross Road, Bengaluru','9331652222','Aadhaar','1990-7520-9300',0,'at_large',NULL,NULL,'2026-06-13 10:46:19'),(79,32,'Puneeth Naik','None',58,'male','No 69, Cross Road, Bengaluru','9677303044','PAN','ID-46368',0,'arrested',NULL,NULL,'2026-06-13 10:46:19'),(80,33,'Anitha Aradhya','None',43,'female','No 76, Cross Road, Bengaluru','9781068259','Aadhaar','6081-8167-4909',0,'arrested',NULL,NULL,'2026-06-13 10:46:19'),(81,33,'Yash Kumar','None',60,'male','No 95, Cross Road, Bengaluru','9806578337','PAN','ID-25655',0,'arrested',NULL,NULL,'2026-06-13 10:46:19'),(82,34,'Vinay Raj','None',28,'male','No 48, Cross Road, Bengaluru','9236290703','Voter ID','ID-25473',0,'arrested',NULL,NULL,'2026-06-13 10:46:19'),(83,34,'Shiva Deshpande','None',34,'male','No 92, Cross Road, Bengaluru','9719175016','Aadhaar','9128-8457-9368',0,'at_large',NULL,NULL,'2026-06-13 10:46:19'),(84,35,'Chethan Patil','None',24,'male','No 74, Cross Road, Bengaluru','9823831302','Aadhaar','4742-9336-1042',0,'at_large',NULL,NULL,'2026-06-13 10:46:19'),(85,35,'Vinay Raj','None',27,'male','No 23, Cross Road, Bengaluru','9137971349','None','ID-39427',0,'at_large',NULL,NULL,'2026-06-13 10:46:19'),(86,36,'Shiva Shetty','None',25,'male','No 65, Cross Road, Bengaluru','9822977979','Aadhaar','3938-4656-9450',2,'unknown',NULL,NULL,'2026-06-13 10:46:19'),(87,36,'Yash Raju','None',38,'male','No 12, Cross Road, Bengaluru','9693877361','None','ID-11044',0,'arrested',NULL,NULL,'2026-06-13 10:46:19'),(88,37,'Sanjay Reddy','None',41,'male','No 76, Cross Road, Bengaluru','9629741991','PAN','ID-81638',0,'arrested',NULL,NULL,'2026-06-13 10:46:19'),(89,37,'Puneeth Gowda','\"Puneeth Thief\"',52,'male','No 45, Cross Road, Bengaluru','9782837348','Aadhaar','6488-1023-7164',1,'at_large',NULL,NULL,'2026-06-13 10:46:19'),(90,38,'Santosh Reddy','None',49,'male','No 8, Cross Road, Bengaluru','9252872361','Voter ID','ID-22193',0,'arrested',NULL,NULL,'2026-06-13 10:46:19'),(91,38,'Puneeth Raj','None',23,'male','No 75, Cross Road, Bengaluru','9202625025','PAN','ID-93521',1,'arrested',NULL,NULL,'2026-06-13 10:46:19'),(92,39,'Puneeth Nayak','\"Puneeth Thief\"',36,'male','No 34, Cross Road, Bengaluru','9438238241','None','ID-52762',0,'arrested',NULL,NULL,'2026-06-13 10:46:19'),(93,39,'Sunil Nayak','None',27,'male','No 14, Cross Road, Bengaluru','9276496293','None','ID-71086',0,'arrested',NULL,NULL,'2026-06-13 10:46:19'),(94,40,'Sunil Acharya','None',47,'male','No 34, Cross Road, Bengaluru','9228756206','Aadhaar','3582-5984-1660',0,'at_large',NULL,NULL,'2026-06-13 10:46:19'),(95,40,'Prakash Reddy','None',43,'male','No 66, Cross Road, Bengaluru','9152560325','Voter ID','ID-44100',1,'arrested',NULL,NULL,'2026-06-13 10:46:19'),(96,41,'Suspect','None',53,'unknown','No 96, Cross Road, Bengaluru','9690687810','PAN','ID-22415',0,'at_large',NULL,NULL,'2026-06-13 10:46:19'),(97,41,'Karthik Kumar','\"Karthik Thief\"',26,'male','No 26, Cross Road, Bengaluru','9984412594','None','ID-58790',0,'unknown',NULL,NULL,'2026-06-13 10:46:19'),(98,42,'Ravi Murthy','None',19,'male','No 9, Cross Road, Bengaluru','9312332805','None','ID-26880',0,'at_large',NULL,NULL,'2026-06-13 10:46:19'),(99,42,'Raghav Kumar','None',21,'male','No 22, Cross Road, Bengaluru','9716203465','None','ID-61773',0,'arrested',NULL,NULL,'2026-06-13 10:46:19'),(100,43,'Chethan Hegde','\"Chethan Thief\"',35,'male','No 36, Cross Road, Bengaluru','9578901124','PAN','ID-14541',0,'at_large',NULL,NULL,'2026-06-13 10:46:19'),(101,43,'Vinay Prasad','None',21,'male','No 12, Cross Road, Bengaluru','9400407178','None','ID-27987',0,'at_large',NULL,NULL,'2026-06-13 10:46:19'),(102,44,'Basavaraj Aradhya','None',42,'male','No 92, Cross Road, Bengaluru','9485593692','None','ID-81371',0,'arrested',NULL,NULL,'2026-06-13 10:46:19'),(103,44,'Abhishek Naik','None',29,'male','No 4, Cross Road, Bengaluru','9442392183','PAN','ID-13840',1,'at_large',NULL,NULL,'2026-06-13 10:46:19'),(104,45,'Vinay Deshpande','None',55,'male','No 30, Cross Road, Bengaluru','9271395839','Aadhaar','5060-4951-5366',0,'at_large',NULL,NULL,'2026-06-13 10:46:19'),(105,45,'Basavaraj Naik','None',29,'male','No 23, Cross Road, Bengaluru','9353994846','Voter ID','ID-57026',1,'arrested',NULL,NULL,'2026-06-13 10:46:19'),(106,46,'Ravi Nayak','\"Ravi Thief\"',49,'male','No 70, Cross Road, Bengaluru','9431843213','PAN','ID-74282',0,'arrested',NULL,NULL,'2026-06-13 10:46:19'),(107,46,'Karthik Deshpande','None',18,'male','No 43, Cross Road, Bengaluru','9759422189','PAN','ID-27103',0,'arrested',NULL,NULL,'2026-06-13 10:46:19'),(108,47,'Abhishek Kumar','None',27,'male','No 76, Cross Road, Bengaluru','9856661933','PAN','ID-24538',1,'at_large',NULL,NULL,'2026-06-13 10:46:19'),(109,47,'Suspect','None',60,'unknown','No 51, Cross Road, Bengaluru','9729230605','Aadhaar','6514-5944-6285',0,'arrested',NULL,NULL,'2026-06-13 10:46:19'),(110,48,'Shubha Joshi','None',29,'female','No 91, Cross Road, Bengaluru','9703418543','Voter ID','ID-39260',0,'at_large',NULL,NULL,'2026-06-13 10:46:19'),(111,48,'Sanjay Raju','\"Sanjay Thief\"',29,'male','No 94, Cross Road, Bengaluru','9101930485','None','ID-84381',0,'at_large',NULL,NULL,'2026-06-13 10:46:19'),(112,49,'Nandini Reddy','None',49,'female','No 19, Cross Road, Bengaluru','9455589390','Aadhaar','4899-6682-6234',0,'at_large',NULL,NULL,'2026-06-13 10:46:19'),(113,49,'Prakash Bhat','None',18,'male','No 34, Cross Road, Bengaluru','9325146786','PAN','ID-18885',0,'at_large',NULL,NULL,'2026-06-13 10:46:19'),(114,50,'Suresh Naik','None',44,'male','No 22, Cross Road, Bengaluru','9544549689','None','ID-59638',0,'arrested',NULL,NULL,'2026-06-13 10:46:19'),(115,56,'Ravi Reddy','\"Ravi Thief\"',46,'male','No 10, Cross Road, Bengaluru','9958128631','Aadhaar','5831-1328-6221',0,'arrested',NULL,NULL,'2026-06-13 10:46:19'),(116,57,'Darshan Patil','None',53,'male','No 12, Cross Road, Bengaluru','9462871672','None','ID-14062',0,'at_large',NULL,NULL,'2026-06-13 10:46:19'),(117,58,'Puneeth Patil','None',24,'male','No 43, Cross Road, Bengaluru','9320708138','PAN','ID-63645',0,'at_large',NULL,NULL,'2026-06-13 10:46:19'),(118,59,'Shiva Raju','None',33,'male','No 13, Cross Road, Bengaluru','9153295652','None','ID-84943',0,'at_large',NULL,NULL,'2026-06-13 10:46:19'),(119,60,'Karthik Prasad','None',36,'male','No 85, Cross Road, Bengaluru','9771186296','None','ID-36171',0,'arrested',NULL,NULL,'2026-06-13 10:46:19'),(120,61,'Pradeep Joshi','None',37,'male','No 51, Cross Road, Bengaluru','9605672755','None','ID-96643',0,'at_large',NULL,NULL,'2026-06-13 10:46:19'),(121,62,'Chethan Naik','None',29,'male','No 58, Cross Road, Bengaluru','9147907058','Voter ID','ID-67637',0,'arrested',NULL,NULL,'2026-06-13 10:46:19'),(122,63,'Suresh Nayak','None',23,'male','No 86, Cross Road, Bengaluru','9469143184','None','ID-87296',0,'arrested',NULL,NULL,'2026-06-13 10:46:19'),(123,64,'Santosh Prasad','None',54,'male','No 31, Cross Road, Bengaluru','9611382735','Voter ID','ID-20348',0,'at_large',NULL,NULL,'2026-06-13 10:46:19'),(124,65,'Ravi Deshpande','\"Ravi Thief\"',25,'male','No 97, Cross Road, Bengaluru','9582152746','PAN','ID-31910',2,'at_large',NULL,NULL,'2026-06-13 10:46:19'),(125,66,'Puneeth Shetty','None',30,'male','No 81, Cross Road, Bengaluru','9258783057','Voter ID','ID-51910',1,'unknown',NULL,NULL,'2026-06-13 10:46:19'),(126,67,'Darshan Aradhya','None',53,'male','No 42, Cross Road, Bengaluru','9396568375','None','ID-11620',0,'at_large',NULL,NULL,'2026-06-13 10:46:19'),(127,68,'Puneeth Rao','None',27,'male','No 19, Cross Road, Bengaluru','9708375597','Aadhaar','2730-2654-5687',1,'at_large',NULL,NULL,'2026-06-13 10:46:19'),(128,69,'Suma Naik','None',54,'female','No 78, Cross Road, Bengaluru','9607929943','Aadhaar','3821-5512-7602',0,'at_large',NULL,NULL,'2026-06-13 10:46:19'),(129,70,'Suresh Naik','None',33,'male','No 7, Cross Road, Bengaluru','9900742774','None','ID-45203',1,'arrested',NULL,NULL,'2026-06-13 10:46:19'),(130,71,'Guru Raju','None',49,'male','No 90, Cross Road, Bengaluru','9835354265','Aadhaar','4734-3201-5923',2,'at_large',NULL,NULL,'2026-06-13 10:46:19'),(131,72,'Shiva Prasad','None',30,'male','No 57, Cross Road, Bengaluru','9326978821','None','ID-73499',0,'at_large',NULL,NULL,'2026-06-13 10:46:19'),(132,73,'Santosh Patil','None',37,'male','No 91, Cross Road, Bengaluru','9644167285','None','ID-27779',0,'at_large',NULL,NULL,'2026-06-13 10:46:19'),(133,74,'Anil Hegde','\"Anil Thief\"',21,'male','No 32, Cross Road, Bengaluru','9135509761','None','ID-16626',1,'at_large',NULL,NULL,'2026-06-13 10:46:19'),(134,75,'Yash Deshpande','None',58,'male','No 16, Cross Road, Bengaluru','9831405402','Aadhaar','4963-7102-9008',0,'arrested',NULL,NULL,'2026-06-13 10:46:19'),(135,76,'Geetha Aradhya','None',40,'female','No 21, Cross Road, Bengaluru','9999423880','Voter ID','ID-21847',0,'arrested',NULL,NULL,'2026-06-13 10:46:19'),(136,77,'Ravi Hegde','\"Ravi Thief\"',59,'male','No 29, Cross Road, Bengaluru','9827669728','PAN','ID-45269',0,'at_large',NULL,NULL,'2026-06-13 10:46:19'),(137,78,'Bhagya Gowda','None',26,'female','No 83, Cross Road, Bengaluru','9285972787','Aadhaar','4666-5135-6004',0,'at_large',NULL,NULL,'2026-06-13 10:46:19'),(138,79,'Darshan Raj','None',34,'male','No 28, Cross Road, Bengaluru','9601113183','Voter ID','ID-98761',0,'at_large',NULL,NULL,'2026-06-13 10:46:19'),(139,80,'Karthik Deshpande','None',53,'male','No 83, Cross Road, Bengaluru','9737558411','Voter ID','ID-49121',0,'at_large',NULL,NULL,'2026-06-13 10:46:19'),(140,81,'Shiva Bhat','None',34,'male','No 84, Cross Road, Bengaluru','9863531123','Voter ID','ID-34688',0,'at_large',NULL,NULL,'2026-06-13 10:46:19'),(141,82,'Nandini Naik','None',26,'female','No 93, Cross Road, Bengaluru','9127332385','None','ID-48745',0,'at_large',NULL,NULL,'2026-06-13 10:46:19'),(142,83,'Suresh Hegde','None',32,'male','No 88, Cross Road, Bengaluru','9674060064','None','ID-98063',0,'arrested',NULL,NULL,'2026-06-13 10:46:19'),(143,84,'Nagaraj Aradhya','\"Nagaraj Thief\"',36,'male','No 13, Cross Road, Bengaluru','9605497119','PAN','ID-43902',0,'at_large',NULL,NULL,'2026-06-13 10:46:19'),(144,85,'Bhagya Bhat','None',32,'female','No 46, Cross Road, Bengaluru','9339796534','Voter ID','ID-65112',0,'arrested',NULL,NULL,'2026-06-13 10:46:19'),(145,87,'Guru Acharya','None',48,'male','No 7, Cross Road, Bengaluru','9781178315','Aadhaar','8736-4187-9199',0,'at_large',NULL,NULL,'2026-06-13 10:46:19'),(146,88,'Puneeth Kumar','\"Puneeth Thief\"',26,'male','No 26, Cross Road, Bengaluru','9467938988','None','ID-84632',1,'unknown',NULL,NULL,'2026-06-13 10:46:19'),(147,89,'Prakash Patil','None',49,'male','No 43, Cross Road, Bengaluru','9777566277','PAN','ID-51079',0,'arrested',NULL,NULL,'2026-06-13 10:46:19'),(148,90,'Anil Patil','None',23,'male','No 17, Cross Road, Bengaluru','9759792599','None','ID-93032',0,'at_large',NULL,NULL,'2026-06-13 10:46:19'),(149,91,'Karthik Kumar','\"Karthik Thief\"',41,'male','No 2, Cross Road, Bengaluru','9445973716','PAN','ID-12348',0,'at_large',NULL,NULL,'2026-06-13 10:46:19'),(150,92,'Prakash Raj','None',26,'male','No 14, Cross Road, Bengaluru','9511834185','Voter ID','ID-31891',0,'arrested',NULL,NULL,'2026-06-13 10:46:19'),(151,93,'Asha Deshpande','None',45,'female','No 88, Cross Road, Bengaluru','9243655310','Voter ID','ID-74248',0,'arrested',NULL,NULL,'2026-06-13 10:46:19'),(152,94,'Divya Gowda','\"Divya Thief\"',32,'female','No 94, Cross Road, Bengaluru','9240881133','PAN','ID-12872',0,'arrested',NULL,NULL,'2026-06-13 10:46:19'),(153,95,'Kiran Kumar','None',58,'male','No 33, Cross Road, Bengaluru','9928123020','Aadhaar','1785-2771-1323',0,'arrested',NULL,NULL,'2026-06-13 10:46:19'),(154,96,'Raghav Aradhya','None',48,'male','No 90, Cross Road, Bengaluru','9264418972','PAN','ID-99881',0,'arrested',NULL,NULL,'2026-06-13 10:46:19'),(155,97,'Nagaraj Deshpande','None',57,'male','No 78, Cross Road, Bengaluru','9852399189','PAN','ID-64896',1,'arrested',NULL,NULL,'2026-06-13 10:46:19'),(156,98,'Raghav Raju','None',24,'male','No 64, Cross Road, Bengaluru','9313295228','PAN','ID-44471',1,'unknown',NULL,NULL,'2026-06-13 10:46:19'),(157,99,'Puneeth Raju','\"Puneeth Thief\"',20,'male','No 71, Cross Road, Bengaluru','9632956813','PAN','ID-73001',0,'arrested',NULL,NULL,'2026-06-13 10:46:19'),(158,100,'Raghav Joshi','\"Raghav Thief\"',23,'male','No 100, Cross Road, Bengaluru','9649439435','Aadhaar','2659-5192-4787',0,'unknown',NULL,NULL,'2026-06-13 10:46:19'),(159,101,'Suresh Rao','\"Suresh Thief\"',20,'male','No 38, Cross Road, Bengaluru','9486777550','Voter ID','ID-65836',0,'arrested',NULL,NULL,'2026-06-13 10:46:19'),(160,102,'Suresh Gowda','\"Suresh Thief\"',60,'male','No 83, Cross Road, Bengaluru','9283086166','Voter ID','ID-56861',1,'unknown',NULL,NULL,'2026-06-13 10:46:19'),(161,103,'Sanjay Shetty','None',39,'male','No 24, Cross Road, Bengaluru','9222226183','None','ID-62461',2,'arrested',NULL,NULL,'2026-06-13 10:46:19'),(162,104,'Vinay Prasad','\"Vinay Thief\"',25,'male','No 17, Cross Road, Bengaluru','9847506709','Aadhaar','3611-2699-7816',1,'at_large',NULL,NULL,'2026-06-13 10:46:19'),(163,105,'Yash Patil','None',40,'male','No 79, Cross Road, Bengaluru','9130941191','PAN','ID-73318',1,'arrested',NULL,NULL,'2026-06-13 10:46:19'),(164,106,'Suresh Shetty','None',59,'male','No 41, Cross Road, Bengaluru','9113271672','PAN','ID-97797',1,'at_large',NULL,NULL,'2026-06-13 10:46:19'),(165,107,'Mohan Rao','None',60,'male','No 94, Cross Road, Bengaluru','9366907512','None','ID-55318',0,'at_large',NULL,NULL,'2026-06-13 10:46:19'),(166,108,'Manjunatha Kumar','None',59,'male','No 21, Cross Road, Bengaluru','9642849045','None','ID-74990',1,'arrested',NULL,NULL,'2026-06-13 10:46:19'),(167,109,'Basavaraj Bhat','None',21,'male','No 65, Cross Road, Bengaluru','9339129305','None','ID-62858',1,'arrested',NULL,NULL,'2026-06-13 10:46:19'),(168,110,'Ravi Acharya','None',49,'male','No 58, Cross Road, Bengaluru','9439368482','Aadhaar','9148-1291-2681',0,'arrested',NULL,NULL,'2026-06-13 10:46:19'),(169,111,'Pradeep Raju','\"Pradeep Thief\"',59,'male','No 86, Cross Road, Bengaluru','9589849525','Voter ID','ID-57624',1,'at_large',NULL,NULL,'2026-06-13 10:46:19'),(170,112,'Abhishek Aradhya','None',60,'male','No 47, Cross Road, Bengaluru','9868706268','None','ID-24945',0,'at_large',NULL,NULL,'2026-06-13 10:46:19'),(171,113,'Chethan Raju','None',24,'male','No 6, Cross Road, Bengaluru','9276260482','None','ID-28408',1,'at_large',NULL,NULL,'2026-06-13 10:46:19'),(172,114,'Shiva Hegde','\"Shiva Thief\"',25,'male','No 51, Cross Road, Bengaluru','9331487470','None','ID-34979',0,'arrested',NULL,NULL,'2026-06-13 10:46:19'),(173,115,'Kiran Rao','None',47,'male','No 85, Cross Road, Bengaluru','9732773408','PAN','ID-75382',0,'at_large',NULL,NULL,'2026-06-13 10:46:19'),(174,120,'Puneeth Joshi','\"Puneeth Thief\"',55,'male','No 23, Cross Road, Bengaluru','9884362665','PAN','ID-23573',0,'at_large',NULL,NULL,'2026-06-13 10:46:19'),(175,121,'Saraswathi Naik','None',56,'female','No 89, Cross Road, Bengaluru','9918593554','PAN','ID-45860',0,'arrested',NULL,NULL,'2026-06-13 10:46:19'),(176,122,'Girish Nayak','None',56,'male','No 90, Cross Road, Bengaluru','9903617229','Voter ID','ID-81802',1,'at_large',NULL,NULL,'2026-06-13 10:46:19'),(177,123,'Shubha Hegde','\"Shubha Thief\"',31,'female','No 80, Cross Road, Bengaluru','9867064555','Voter ID','ID-99995',0,'at_large',NULL,NULL,'2026-06-13 10:46:19'),(178,124,'Suspect','\"Suspect Thief\"',50,'unknown','No 70, Cross Road, Bengaluru','9845511804','Voter ID','ID-25126',0,'at_large',NULL,NULL,'2026-06-13 10:46:19'),(179,125,'Nagaraj Prasad','None',45,'male','No 2, Cross Road, Bengaluru','9661277051','Aadhaar','1414-7240-3381',0,'arrested',NULL,NULL,'2026-06-13 10:46:19'),(180,126,'Anil Raju','None',27,'male','No 8, Cross Road, Bengaluru','9841520570','Voter ID','ID-36738',0,'arrested',NULL,NULL,'2026-06-13 10:46:19'),(181,127,'Raghav Aradhya','\"Raghav Thief\"',59,'male','No 72, Cross Road, Bengaluru','9517563874','PAN','ID-76967',0,'at_large',NULL,NULL,'2026-06-13 10:46:19'),(182,128,'Nagaraj Kumar','None',42,'male','No 54, Cross Road, Bengaluru','9946228305','Voter ID','ID-82368',0,'at_large',NULL,NULL,'2026-06-13 10:46:19'),(183,129,'Yash Reddy','None',55,'male','No 70, Cross Road, Bengaluru','9892904680','PAN','ID-35362',0,'arrested',NULL,NULL,'2026-06-13 10:46:19'),(184,130,'Anil Patil','None',42,'male','No 6, Cross Road, Bengaluru','9560106760','Voter ID','ID-82954',0,'arrested',NULL,NULL,'2026-06-13 10:46:19'),(185,131,'Karthik Bhat','None',27,'male','No 6, Cross Road, Bengaluru','9265037749','Voter ID','ID-88234',0,'unknown',NULL,NULL,'2026-06-13 10:46:19'),(186,132,'Nagaraj Raju','None',54,'male','No 71, Cross Road, Bengaluru','9484491474','Aadhaar','6207-9608-4603',2,'at_large',NULL,NULL,'2026-06-13 10:46:19'),(187,133,'Anil Prasad','None',23,'male','No 45, Cross Road, Bengaluru','9337509631','PAN','ID-96944',0,'arrested',NULL,NULL,'2026-06-13 10:46:19'),(188,134,'Mohan Deshpande','None',53,'male','No 97, Cross Road, Bengaluru','9797180693','Aadhaar','2879-6668-8301',0,'at_large',NULL,NULL,'2026-06-13 10:46:19'),(189,135,'Jyothi Kumar','None',42,'female','No 15, Cross Road, Bengaluru','9514331133','Voter ID','ID-80809',0,'arrested',NULL,NULL,'2026-06-13 10:46:19'),(190,136,'Chethan Deshpande','None',49,'male','No 6, Cross Road, Bengaluru','9418293546','PAN','ID-51984',0,'unknown',NULL,NULL,'2026-06-13 10:46:19'),(191,137,'Manjunatha Aradhya','None',58,'male','No 9, Cross Road, Bengaluru','9326324885','PAN','ID-99837',0,'arrested',NULL,NULL,'2026-06-13 10:46:19'),(192,138,'Prakash Prasad','None',27,'male','No 4, Cross Road, Bengaluru','9593089342','Voter ID','ID-14965',0,'arrested',NULL,NULL,'2026-06-13 10:46:19'),(193,139,'Manjunatha Shetty','\"Manjunatha Thief\"',34,'male','No 53, Cross Road, Bengaluru','9516646839','None','ID-92603',0,'arrested',NULL,NULL,'2026-06-13 10:46:19'),(194,140,'Raghav Aradhya','None',59,'male','No 93, Cross Road, Bengaluru','9763947575','Aadhaar','1745-2189-6860',1,'arrested',NULL,NULL,'2026-06-13 10:46:19'),(195,144,'Guru Shetty','None',46,'male','No 49, Cross Road, Bengaluru','9524249629','Aadhaar','8765-3561-9740',0,'at_large',NULL,NULL,'2026-06-13 10:46:19'),(196,145,'Manjunatha Raju','\"Manjunatha Thief\"',37,'male','No 87, Cross Road, Bengaluru','9953643130','Voter ID','ID-11461',0,'at_large',NULL,NULL,'2026-06-13 10:46:19'),(197,146,'Karthik Naik','None',37,'male','No 27, Cross Road, Bengaluru','9903477338','Voter ID','ID-37752',0,'at_large',NULL,NULL,'2026-06-13 10:46:19'),(198,147,'Anil Patil','\"Anil Thief\"',57,'male','No 33, Cross Road, Bengaluru','9308656189','Aadhaar','3971-1891-9992',0,'at_large',NULL,NULL,'2026-06-13 10:46:19'),(199,148,'Pradeep Murthy','None',30,'male','No 93, Cross Road, Bengaluru','9723409836','None','ID-53365',0,'at_large',NULL,NULL,'2026-06-13 10:46:19'),(200,149,'Guru Shetty','\"Guru Thief\"',38,'male','No 63, Cross Road, Bengaluru','9583877436','Voter ID','ID-90785',0,'at_large',NULL,NULL,'2026-06-13 10:46:19'),(201,150,'Ravi Raj','None',45,'male','No 22, Cross Road, Bengaluru','9105188198','Voter ID','ID-42266',0,'at_large',NULL,NULL,'2026-06-13 10:46:19'),(202,151,'Shiva Raj','\"Shiva Thief\"',39,'male','No 62, Cross Road, Bengaluru','9596979657','None','ID-57020',0,'at_large',NULL,NULL,'2026-06-13 10:46:19'),(203,152,'Kiran Shetty','None',26,'male','No 69, Cross Road, Bengaluru','9310917183','Voter ID','ID-92132',0,'arrested',NULL,NULL,'2026-06-13 10:46:19'),(204,153,'Santosh Gowda','None',55,'male','No 28, Cross Road, Bengaluru','9139359410','Voter ID','ID-81233',1,'at_large',NULL,NULL,'2026-06-13 10:46:19'),(205,154,'Girish Raj','None',32,'male','No 99, Cross Road, Bengaluru','9733078989','Voter ID','ID-27548',0,'at_large',NULL,NULL,'2026-06-13 10:46:19'),(206,155,'Santosh Gowda','\"Santosh Thief\"',57,'male','No 88, Cross Road, Bengaluru','9278073155','PAN','ID-68487',0,'at_large',NULL,NULL,'2026-06-13 10:46:19'),(207,156,'Girish Joshi','None',20,'male','No 29, Cross Road, Bengaluru','9917624738','None','ID-40375',0,'arrested',NULL,NULL,'2026-06-13 10:46:19'),(208,157,'Sunil Deshpande','None',42,'male','No 61, Cross Road, Bengaluru','9588169687','Aadhaar','1653-6309-2691',0,'at_large',NULL,NULL,'2026-06-13 10:46:19'),(209,158,'Sanjay Murthy','\"Sanjay Thief\"',42,'male','No 84, Cross Road, Bengaluru','9506431167','Voter ID','ID-87028',0,'at_large',NULL,NULL,'2026-06-13 10:46:19'),(210,159,'Darshan Reddy','None',40,'male','No 45, Cross Road, Bengaluru','9622763616','None','ID-89195',0,'at_large',NULL,NULL,'2026-06-13 10:46:19'),(211,160,'Basavaraj Shetty','None',31,'male','No 20, Cross Road, Bengaluru','9300688440','PAN','ID-57477',0,'at_large',NULL,NULL,'2026-06-13 10:46:19'),(212,176,'Puneeth Bhat','None',48,'male','No 87, Cross Road, Bengaluru','9614123310','None','ID-37617',0,'at_large',NULL,NULL,'2026-06-13 10:46:19'),(213,177,'Basavaraj Kumar','\"Basavaraj Thief\"',54,'male','No 76, Cross Road, Bengaluru','9273011097','PAN','ID-92515',0,'at_large',NULL,NULL,'2026-06-13 10:46:19'),(214,178,'Anil Murthy','\"Anil Thief\"',51,'male','No 52, Cross Road, Bengaluru','9743555234','Aadhaar','5644-2404-4548',0,'unknown',NULL,NULL,'2026-06-13 10:46:19'),(215,179,'Sindhu Reddy','None',56,'female','No 19, Cross Road, Bengaluru','9953212504','PAN','ID-91685',0,'arrested',NULL,NULL,'2026-06-13 10:46:19'),(216,180,'Abhishek Acharya','None',32,'male','No 49, Cross Road, Bengaluru','9513886549','PAN','ID-24230',0,'at_large',NULL,NULL,'2026-06-13 10:46:19'),(217,181,'Bhagya Prasad','\"Bhagya Thief\"',56,'female','No 13, Cross Road, Bengaluru','9290505619','None','ID-90576',0,'at_large',NULL,NULL,'2026-06-13 10:46:19'),(218,182,'Raghav Shetty','None',60,'male','No 17, Cross Road, Bengaluru','9747975975','Aadhaar','8069-9553-7892',0,'arrested',NULL,NULL,'2026-06-13 10:46:19'),(219,183,'Basavaraj Joshi','None',40,'male','No 76, Cross Road, Bengaluru','9963955258','Aadhaar','7971-3193-5170',0,'arrested',NULL,NULL,'2026-06-13 10:46:19'),(220,184,'Lakshmi Aradhya','None',34,'female','No 25, Cross Road, Bengaluru','9105872776','Aadhaar','9561-2930-9515',0,'at_large',NULL,NULL,'2026-06-13 10:46:19'),(221,185,'Abhishek Prasad','None',24,'male','No 20, Cross Road, Bengaluru','9557490881','Voter ID','ID-44249',1,'at_large',NULL,NULL,'2026-06-13 10:46:19'),(222,186,'Shiva Naik','\"Shiva Thief\"',44,'male','No 71, Cross Road, Bengaluru','9941586401','None','ID-33425',0,'at_large',NULL,NULL,'2026-06-13 10:46:19'),(223,187,'Guru Raj','None',26,'male','No 85, Cross Road, Bengaluru','9227867365','PAN','ID-68536',0,'unknown',NULL,NULL,'2026-06-13 10:46:19'),(224,188,'Santosh Naik','None',53,'male','No 79, Cross Road, Bengaluru','9848459689','Aadhaar','3633-7375-1086',1,'at_large',NULL,NULL,'2026-06-13 10:46:19'),(225,189,'Mohan Prasad','None',22,'male','No 34, Cross Road, Bengaluru','9338123991','Voter ID','ID-20490',0,'at_large',NULL,NULL,'2026-06-13 10:46:19'),(226,190,'Divya Deshpande','None',56,'female','No 8, Cross Road, Bengaluru','9930655747','PAN','ID-93924',0,'arrested',NULL,NULL,'2026-06-13 10:46:19'),(227,192,'Saraswathi Raju','\"Saraswathi Thief\"',20,'female','No 77, Cross Road, Bengaluru','9648196577','PAN','ID-90634',0,'arrested',NULL,NULL,'2026-06-13 10:46:19'),(228,193,'Karthik Patil','None',35,'male','No 100, Cross Road, Bengaluru','9528888661','Voter ID','ID-97773',0,'at_large',NULL,NULL,'2026-06-13 10:46:19'),(229,194,'Sanjay Shetty','None',53,'male','No 37, Cross Road, Bengaluru','9879685499','Voter ID','ID-55544',2,'arrested',NULL,NULL,'2026-06-13 10:46:19'),(230,195,'Sunil Acharya','None',54,'male','No 1, Cross Road, Bengaluru','9380362052','PAN','ID-63363',0,'at_large',NULL,NULL,'2026-06-13 10:46:19'),(231,196,'Abhishek Rao','None',52,'male','No 74, Cross Road, Bengaluru','9368587379','None','ID-59424',0,'at_large',NULL,NULL,'2026-06-13 10:46:19'),(232,197,'Yash Acharya','None',48,'male','No 15, Cross Road, Bengaluru','9376831869','Aadhaar','7269-4610-4767',1,'at_large',NULL,NULL,'2026-06-13 10:46:19'),(233,198,'Manjunatha Gowda','None',33,'male','No 37, Cross Road, Bengaluru','9199868119','None','ID-98302',0,'arrested',NULL,NULL,'2026-06-13 10:46:19'),(234,199,'Anil Joshi','None',40,'male','No 28, Cross Road, Bengaluru','9716019237','Voter ID','ID-33957',1,'at_large',NULL,NULL,'2026-06-13 10:46:19'),(235,200,'Shalini Hegde','\"Shalini Thief\"',33,'female','No 34, Cross Road, Bengaluru','9322026871','PAN','ID-36577',1,'at_large',NULL,NULL,'2026-06-13 10:46:19'),(236,201,'Raghav Rao','None',60,'male','No 64, Cross Road, Bengaluru','9759091699','Aadhaar','9871-1692-8901',0,'arrested',NULL,NULL,'2026-06-13 10:46:19'),(237,202,'Geetha Murthy','None',29,'female','No 98, Cross Road, Bengaluru','9648825565','Voter ID','ID-62150',0,'at_large',NULL,NULL,'2026-06-13 10:46:19'),(238,203,'Puneeth Joshi','None',50,'male','No 45, Cross Road, Bengaluru','9522750321','PAN','ID-69925',2,'at_large',NULL,NULL,'2026-06-13 10:46:19'),(239,204,'Prakash Gowda','None',31,'male','No 49, Cross Road, Bengaluru','9723852830','Aadhaar','6331-6924-5254',0,'arrested',NULL,NULL,'2026-06-13 10:46:19'),(240,205,'Mohan Bhat','None',29,'male','No 64, Cross Road, Bengaluru','9555205201','PAN','ID-64931',0,'arrested',NULL,NULL,'2026-06-13 10:46:19'),(241,206,'Suma Acharya','\"Suma Thief\"',54,'female','No 17, Cross Road, Bengaluru','9718360105','PAN','ID-23090',0,'at_large',NULL,NULL,'2026-06-13 10:46:19'),(242,207,'Darshan Hegde','\"Darshan Thief\"',27,'male','No 61, Cross Road, Bengaluru','9965079822','Aadhaar','3893-7906-9185',0,'at_large',NULL,NULL,'2026-06-13 10:46:19'),(243,208,'Manjunatha Bhat','None',37,'male','No 33, Cross Road, Bengaluru','9703591560','Aadhaar','7527-2621-3676',0,'at_large',NULL,NULL,'2026-06-13 10:46:19'),(244,209,'Kiran Rao','None',39,'male','No 34, Cross Road, Bengaluru','9487580021','Voter ID','ID-83446',0,'at_large',NULL,NULL,'2026-06-13 10:46:19'),(245,210,'Puneeth Rao','None',56,'male','No 26, Cross Road, Bengaluru','9719392003','PAN','ID-47304',0,'at_large',NULL,NULL,'2026-06-13 10:46:19'),(246,211,'Sanjay Acharya','None',42,'male','No 79, Cross Road, Bengaluru','9407652347','None','ID-92799',2,'at_large',NULL,NULL,'2026-06-13 10:46:19'),(247,212,'Abhishek Prasad','None',22,'male','No 11, Cross Road, Bengaluru','9273945628','Voter ID','ID-39912',0,'at_large',NULL,NULL,'2026-06-13 10:46:19'),(248,213,'Mohan Naik','None',46,'male','No 100, Cross Road, Bengaluru','9489945274','None','ID-64262',0,'at_large',NULL,NULL,'2026-06-13 10:46:19'),(249,214,'Basavaraj Murthy','None',31,'male','No 22, Cross Road, Bengaluru','9526324454','Aadhaar','2565-2045-8752',0,'arrested',NULL,NULL,'2026-06-13 10:46:19'),(250,215,'Pradeep Rao','None',57,'male','No 20, Cross Road, Bengaluru','9190528528','None','ID-50549',0,'at_large',NULL,NULL,'2026-06-13 10:46:19'),(251,216,'Girish Nayak','\"Girish Thief\"',19,'male','No 5, Cross Road, Bengaluru','9812480457','Voter ID','ID-52624',1,'at_large',NULL,NULL,'2026-06-13 10:46:19'),(252,217,'Suma Aradhya','None',26,'female','No 90, Cross Road, Bengaluru','9679055622','PAN','ID-87441',0,'at_large',NULL,NULL,'2026-06-13 10:46:19'),(253,218,'Ravi Prasad','None',40,'male','No 62, Cross Road, Bengaluru','9679464236','PAN','ID-21738',0,'arrested',NULL,NULL,'2026-06-13 10:46:19'),(254,219,'Guru Gowda','None',51,'male','No 98, Cross Road, Bengaluru','9246351498','Voter ID','ID-47586',0,'arrested',NULL,NULL,'2026-06-13 10:46:19'),(255,220,'Shalini Raju','None',45,'female','No 38, Cross Road, Bengaluru','9741027901','PAN','ID-10946',0,'arrested',NULL,NULL,'2026-06-13 10:46:19'),(256,161,'Unknown Suspect','None',NULL,'unknown',NULL,NULL,NULL,NULL,0,'unknown',NULL,'Suspicion of kidnapping or foul play.','2026-06-13 10:46:19'),(257,162,'Unknown Suspect','None',NULL,'unknown',NULL,NULL,NULL,NULL,0,'unknown',NULL,'Suspicion of kidnapping or foul play.','2026-06-13 10:46:19'),(258,163,'Unknown Suspect','None',NULL,'unknown',NULL,NULL,NULL,NULL,0,'unknown',NULL,'Suspicion of kidnapping or foul play.','2026-06-13 10:46:19'),(259,164,'Unknown Suspect','None',NULL,'unknown',NULL,NULL,NULL,NULL,0,'unknown',NULL,'Suspicion of kidnapping or foul play.','2026-06-13 10:46:19'),(260,165,'Unknown Suspect','None',NULL,'unknown',NULL,NULL,NULL,NULL,0,'unknown',NULL,'Suspicion of kidnapping or foul play.','2026-06-13 10:46:19');
/*!40000 ALTER TABLE `accused` ENABLE KEYS */;
UNLOCK TABLES;

--
-- Table structure for table `case_relationships`
--

DROP TABLE IF EXISTS `case_relationships`;
/*!40101 SET @saved_cs_client     = @@character_set_client */;
/*!50503 SET character_set_client = utf8mb4 */;
CREATE TABLE `case_relationships` (
  `rel_id` int NOT NULL AUTO_INCREMENT,
  `entity_a_type` enum('accused','fir','victim','officer') NOT NULL,
  `entity_a_id` int NOT NULL,
  `entity_b_type` enum('accused','fir','victim','officer') NOT NULL,
  `entity_b_id` int NOT NULL,
  `relationship_type` enum('co_accused','repeat_location','same_modus_operandi','linked_gang','victim_of_same_accused','related_case') NOT NULL,
  `notes` text,
  `created_at` timestamp NULL DEFAULT CURRENT_TIMESTAMP,
  PRIMARY KEY (`rel_id`),
  KEY `idx_rel_a` (`entity_a_type`,`entity_a_id`),
  KEY `idx_rel_b` (`entity_b_type`,`entity_b_id`)
) ENGINE=InnoDB AUTO_INCREMENT=36 DEFAULT CHARSET=utf8mb4 COLLATE=utf8mb4_0900_ai_ci;
/*!40101 SET character_set_client = @saved_cs_client */;

--
-- Dumping data for table `case_relationships`
--

LOCK TABLES `case_relationships` WRITE;
/*!40000 ALTER TABLE `case_relationships` DISABLE KEYS */;
INSERT INTO `case_relationships` VALUES (1,'accused',1,'accused',222,'co_accused','Active members of the Bullet Mahesh network.','2026-06-13 10:46:20'),(2,'accused',1,'accused',213,'co_accused','Active members of the Bullet Mahesh network.','2026-06-13 10:46:20'),(3,'accused',1,'accused',160,'co_accused','Active members of the Bullet Mahesh network.','2026-06-13 10:46:20'),(4,'fir',1,'fir',2,'related_case','Cases associated with the Mahesh Gowda gang.','2026-06-13 10:46:20'),(5,'fir',2,'fir',3,'related_case','Cases associated with the Mahesh Gowda gang.','2026-06-13 10:46:20'),(6,'fir',3,'fir',4,'related_case','Cases associated with the Mahesh Gowda gang.','2026-06-13 10:46:20'),(7,'fir',4,'fir',51,'related_case','Cases associated with the Mahesh Gowda gang.','2026-06-13 10:46:20'),(8,'fir',51,'fir',52,'related_case','Cases associated with the Mahesh Gowda gang.','2026-06-13 10:46:20'),(9,'fir',5,'fir',6,'related_case','Series of break-ins linked to Ravi Thief.','2026-06-13 10:46:20'),(10,'fir',6,'fir',7,'related_case','Series of break-ins linked to Ravi Thief.','2026-06-13 10:46:20'),(11,'fir',7,'fir',8,'related_case','Series of break-ins linked to Ravi Thief.','2026-06-13 10:46:20'),(12,'fir',8,'fir',9,'related_case','Series of break-ins linked to Ravi Thief.','2026-06-13 10:46:20'),(13,'accused',9,'accused',83,'co_accused','Accomplice in home robbery.','2026-06-13 10:46:20'),(14,'accused',14,'accused',18,'co_accused','Suresh coordinates bank accounts; Pavan deploys phishing URLs.','2026-06-13 10:46:20'),(15,'fir',116,'fir',141,'same_modus_operandi','Online banking scams using similar domain registration details.','2026-06-13 10:46:20'),(16,'fir',117,'fir',142,'same_modus_operandi','Online banking scams using similar domain registration details.','2026-06-13 10:46:20'),(17,'fir',118,'fir',143,'same_modus_operandi','Online banking scams using similar domain registration details.','2026-06-13 10:46:20'),(18,'accused',222,'accused',213,'co_accused','Suspected gang association.','2026-06-13 10:46:20'),(19,'accused',160,'accused',209,'co_accused','Suspected gang association.','2026-06-13 10:46:20'),(20,'accused',83,'accused',64,'co_accused','Suspected gang association.','2026-06-13 10:46:20'),(21,'accused',52,'accused',112,'co_accused','Suspected gang association.','2026-06-13 10:46:20'),(22,'accused',248,'accused',44,'co_accused','Suspected gang association.','2026-06-13 10:46:20'),(23,'accused',241,'accused',165,'co_accused','Suspected gang association.','2026-06-13 10:46:20'),(24,'accused',46,'accused',242,'co_accused','Suspected gang association.','2026-06-13 10:46:20'),(25,'accused',128,'accused',38,'co_accused','Suspected gang association.','2026-06-13 10:46:20'),(26,'accused',67,'accused',220,'co_accused','Suspected gang association.','2026-06-13 10:46:20'),(27,'accused',110,'accused',93,'co_accused','Suspected gang association.','2026-06-13 10:46:21'),(28,'accused',141,'accused',194,'co_accused','Suspected gang association.','2026-06-13 10:46:21'),(29,'accused',121,'accused',132,'co_accused','Suspected gang association.','2026-06-13 10:46:21'),(30,'accused',207,'accused',107,'co_accused','Suspected gang association.','2026-06-13 10:46:21'),(31,'accused',232,'accused',195,'co_accused','Suspected gang association.','2026-06-13 10:46:21'),(32,'accused',75,'accused',73,'co_accused','Suspected gang association.','2026-06-13 10:46:21'),(33,'accused',98,'accused',203,'co_accused','Suspected gang association.','2026-06-13 10:46:21'),(34,'accused',254,'accused',58,'co_accused','Suspected gang association.','2026-06-13 10:46:21'),(35,'accused',205,'accused',134,'co_accused','Suspected gang association.','2026-06-13 10:46:21');
/*!40000 ALTER TABLE `case_relationships` ENABLE KEYS */;
UNLOCK TABLES;

--
-- Table structure for table `cases_assault`
--

DROP TABLE IF EXISTS `cases_assault`;
/*!40101 SET @saved_cs_client     = @@character_set_client */;
/*!50503 SET character_set_client = utf8mb4 */;
CREATE TABLE `cases_assault` (
  `assault_id` int NOT NULL AUTO_INCREMENT,
  `fir_id` int NOT NULL,
  `weapon_used` varchar(100) DEFAULT NULL,
  `injury_severity` enum('minor','moderate','severe','fatal') DEFAULT 'minor',
  `motive` varchar(200) DEFAULT NULL,
  `witnesses_count` int DEFAULT '0',
  PRIMARY KEY (`assault_id`),
  UNIQUE KEY `fir_id` (`fir_id`),
  CONSTRAINT `cases_assault_ibfk_1` FOREIGN KEY (`fir_id`) REFERENCES `fir_master` (`fir_id`)
) ENGINE=InnoDB AUTO_INCREMENT=31 DEFAULT CHARSET=utf8mb4 COLLATE=utf8mb4_0900_ai_ci;
/*!40101 SET character_set_client = @saved_cs_client */;

--
-- Dumping data for table `cases_assault`
--

LOCK TABLES `cases_assault` WRITE;
/*!40000 ALTER TABLE `cases_assault` DISABLE KEYS */;
INSERT INTO `cases_assault` VALUES (1,56,'bare hands','minor','Drunk brawl',2),(2,57,'bare hands','minor','Property dispute',4),(3,58,'knife','severe','Personal enmity',3),(4,59,'bare hands','moderate','Drunk brawl',1),(5,60,'stone','minor','Property dispute',2),(6,61,'iron rod','severe','Personal enmity',3),(7,62,'stone','moderate','Personal enmity',3),(8,63,'knife','minor','Drunk brawl',0),(9,64,'bare hands','moderate','Property dispute',0),(10,65,'knife','minor','Road rage',2),(11,66,'stone','moderate','Personal enmity',3),(12,67,'stone','minor','Personal enmity',4),(13,68,'stone','minor','Road rage',3),(14,69,'bare hands','severe','Property dispute',0),(15,70,'bottle','moderate','Road rage',4),(16,71,'bare hands','minor','Drunk brawl',0),(17,72,'bare hands','moderate','Road rage',3),(18,73,'knife','moderate','Personal enmity',4),(19,74,'bare hands','moderate','Personal enmity',2),(20,75,'bottle','minor','Property dispute',0),(21,76,'iron rod','minor','Property dispute',3),(22,77,'bare hands','minor','Drunk brawl',2),(23,78,'knife','minor','Property dispute',0),(24,79,'bottle','moderate','Personal enmity',4),(25,80,'iron rod','moderate','Property dispute',0),(26,81,'bottle','minor','Personal enmity',0),(27,82,'knife','minor','Road rage',0),(28,83,'stone','severe','Drunk brawl',3),(29,84,'bare hands','minor','Property dispute',2),(30,85,'iron rod','minor','Drunk brawl',0);
/*!40000 ALTER TABLE `cases_assault` ENABLE KEYS */;
UNLOCK TABLES;

--
-- Table structure for table `cases_cybercrime`
--

DROP TABLE IF EXISTS `cases_cybercrime`;
/*!40101 SET @saved_cs_client     = @@character_set_client */;
/*!50503 SET character_set_client = utf8mb4 */;
CREATE TABLE `cases_cybercrime` (
  `cyber_id` int NOT NULL AUTO_INCREMENT,
  `fir_id` int NOT NULL,
  `cyber_type` enum('phishing','hacking','online_harassment','identity_theft','other') DEFAULT NULL,
  `platform` varchar(100) DEFAULT NULL,
  `financial_loss` decimal(14,2) DEFAULT '0.00',
  `digital_evidence` text,
  PRIMARY KEY (`cyber_id`),
  UNIQUE KEY `fir_id` (`fir_id`),
  CONSTRAINT `cases_cybercrime_ibfk_1` FOREIGN KEY (`fir_id`) REFERENCES `fir_master` (`fir_id`)
) ENGINE=InnoDB AUTO_INCREMENT=18 DEFAULT CHARSET=utf8mb4 COLLATE=utf8mb4_0900_ai_ci;
/*!40101 SET character_set_client = @saved_cs_client */;

--
-- Dumping data for table `cases_cybercrime`
--

LOCK TABLES `cases_cybercrime` WRITE;
/*!40000 ALTER TABLE `cases_cybercrime` DISABLE KEYS */;
INSERT INTO `cases_cybercrime` VALUES (1,144,'online_harassment','unknown',0.00,'{\"source_ip\": \"192.168.213.32\", \"device_id\": \"DEV-593002\", \"urls\": [\"http://fake-banking-portal.net\", \"http://update-kyc-now.co\"]}'),(2,145,'identity_theft','unknown',472571.00,'{\"source_ip\": \"192.168.75.116\", \"device_id\": \"DEV-751114\", \"urls\": [\"http://fake-banking-portal.net\", \"http://update-kyc-now.co\"]}'),(3,146,'phishing','WhatsApp',99751.00,'{\"source_ip\": \"192.168.229.227\", \"device_id\": \"DEV-580115\", \"urls\": [\"http://fake-banking-portal.net\", \"http://update-kyc-now.co\"]}'),(4,147,'phishing','Facebook',471782.00,'{\"source_ip\": \"192.168.46.74\", \"device_id\": \"DEV-180685\", \"urls\": [\"http://fake-banking-portal.net\", \"http://update-kyc-now.co\"]}'),(5,148,'phishing','email',59733.00,'{\"source_ip\": \"192.168.179.38\", \"device_id\": \"DEV-620438\", \"urls\": [\"http://fake-banking-portal.net\", \"http://update-kyc-now.co\"]}'),(6,149,'phishing','Instagram',273990.00,'{\"source_ip\": \"192.168.244.161\", \"device_id\": \"DEV-123792\", \"urls\": [\"http://fake-banking-portal.net\", \"http://update-kyc-now.co\"]}'),(7,150,'phishing','unknown',489490.00,'{\"source_ip\": \"192.168.34.122\", \"device_id\": \"DEV-463541\", \"urls\": [\"http://fake-banking-portal.net\", \"http://update-kyc-now.co\"]}'),(8,151,'online_harassment','WhatsApp',0.00,'{\"source_ip\": \"192.168.75.49\", \"device_id\": \"DEV-166007\", \"urls\": [\"http://fake-banking-portal.net\", \"http://update-kyc-now.co\"]}'),(9,152,'phishing','Instagram',438752.00,'{\"source_ip\": \"192.168.243.134\", \"device_id\": \"DEV-775987\", \"urls\": [\"http://fake-banking-portal.net\", \"http://update-kyc-now.co\"]}'),(10,153,'phishing','unknown',180721.00,'{\"source_ip\": \"192.168.168.166\", \"device_id\": \"DEV-925045\", \"urls\": [\"http://fake-banking-portal.net\", \"http://update-kyc-now.co\"]}'),(11,154,'phishing','unknown',350099.00,'{\"source_ip\": \"192.168.179.136\", \"device_id\": \"DEV-982804\", \"urls\": [\"http://fake-banking-portal.net\", \"http://update-kyc-now.co\"]}'),(12,155,'online_harassment','Facebook',0.00,'{\"source_ip\": \"192.168.78.146\", \"device_id\": \"DEV-238364\", \"urls\": [\"http://fake-banking-portal.net\", \"http://update-kyc-now.co\"]}'),(13,156,'hacking','email',91039.00,'{\"source_ip\": \"192.168.203.67\", \"device_id\": \"DEV-337798\", \"urls\": [\"http://fake-banking-portal.net\", \"http://update-kyc-now.co\"]}'),(14,157,'online_harassment','email',0.00,'{\"source_ip\": \"192.168.198.217\", \"device_id\": \"DEV-149617\", \"urls\": [\"http://fake-banking-portal.net\", \"http://update-kyc-now.co\"]}'),(15,158,'phishing','email',240036.00,'{\"source_ip\": \"192.168.245.43\", \"device_id\": \"DEV-748680\", \"urls\": [\"http://fake-banking-portal.net\", \"http://update-kyc-now.co\"]}'),(16,159,'hacking','unknown',150551.00,'{\"source_ip\": \"192.168.47.250\", \"device_id\": \"DEV-283877\", \"urls\": [\"http://fake-banking-portal.net\", \"http://update-kyc-now.co\"]}'),(17,160,'identity_theft','Instagram',85543.00,'{\"source_ip\": \"192.168.61.30\", \"device_id\": \"DEV-143150\", \"urls\": [\"http://fake-banking-portal.net\", \"http://update-kyc-now.co\"]}');
/*!40000 ALTER TABLE `cases_cybercrime` ENABLE KEYS */;
UNLOCK TABLES;

--
-- Table structure for table `cases_drug_offense`
--

DROP TABLE IF EXISTS `cases_drug_offense`;
/*!40101 SET @saved_cs_client     = @@character_set_client */;
/*!50503 SET character_set_client = utf8mb4 */;
CREATE TABLE `cases_drug_offense` (
  `drug_id` int NOT NULL AUTO_INCREMENT,
  `fir_id` int NOT NULL,
  `drug_type` varchar(100) DEFAULT NULL,
  `quantity_seized` varchar(100) DEFAULT NULL,
  `estimated_street_value` decimal(12,2) DEFAULT NULL,
  `source_location` varchar(200) DEFAULT NULL,
  PRIMARY KEY (`drug_id`),
  UNIQUE KEY `fir_id` (`fir_id`),
  CONSTRAINT `cases_drug_offense_ibfk_1` FOREIGN KEY (`fir_id`) REFERENCES `fir_master` (`fir_id`)
) ENGINE=InnoDB AUTO_INCREMENT=16 DEFAULT CHARSET=utf8mb4 COLLATE=utf8mb4_0900_ai_ci;
/*!40101 SET character_set_client = @saved_cs_client */;

--
-- Dumping data for table `cases_drug_offense`
--

LOCK TABLES `cases_drug_offense` WRITE;
/*!40000 ALTER TABLE `cases_drug_offense` DISABLE KEYS */;
INSERT INTO `cases_drug_offense` VALUES (1,176,'ganja','1.5 kg',216791.00,'Shivajinagar High School Road'),(2,177,'MDMA','100 tablets',326235.00,'Rajajinagar High School Road'),(3,178,'methamphetamine','500 grams',486287.00,'BTM Layout High School Road'),(4,179,'heroin','50 grams',87566.00,'JP Nagar High School Road'),(5,180,'MDMA','100 tablets',212434.00,'Malleshwaram High School Road'),(6,181,'ganja','100 tablets',190837.00,'Malleshwaram High School Road'),(7,182,'heroin','50 grams',468385.00,'Hebbal High School Road'),(8,183,'ganja','2 kg',391604.00,'Yelahanka High School Road'),(9,184,'MDMA','50 grams',431362.00,'Electronic City High School Road'),(10,185,'heroin','2 kg',432404.00,'JP Nagar High School Road'),(11,186,'MDMA','50 grams',83173.00,'Marathahalli High School Road'),(12,187,'methamphetamine','1.5 kg',55129.00,'Jayanagar High School Road'),(13,188,'cocaine','100 tablets',258833.00,'Marathahalli High School Road'),(14,189,'methamphetamine','100 tablets',44663.00,'Yelahanka High School Road'),(15,190,'methamphetamine','50 grams',56372.00,'Koramangala High School Road');
/*!40000 ALTER TABLE `cases_drug_offense` ENABLE KEYS */;
UNLOCK TABLES;

--
-- Table structure for table `cases_fraud`
--

DROP TABLE IF EXISTS `cases_fraud`;
/*!40101 SET @saved_cs_client     = @@character_set_client */;
/*!50503 SET character_set_client = utf8mb4 */;
CREATE TABLE `cases_fraud` (
  `fraud_id` int NOT NULL AUTO_INCREMENT,
  `fir_id` int NOT NULL,
  `fraud_type` enum('online','offline','banking','property','other') DEFAULT NULL,
  `amount_defrauded` decimal(14,2) DEFAULT NULL,
  `amount_recovered` decimal(14,2) DEFAULT '0.00',
  `method_used` text,
  `account_numbers` text,
  PRIMARY KEY (`fraud_id`),
  UNIQUE KEY `fir_id` (`fir_id`),
  CONSTRAINT `cases_fraud_ibfk_1` FOREIGN KEY (`fir_id`) REFERENCES `fir_master` (`fir_id`)
) ENGINE=InnoDB AUTO_INCREMENT=22 DEFAULT CHARSET=utf8mb4 COLLATE=utf8mb4_0900_ai_ci;
/*!40101 SET character_set_client = @saved_cs_client */;

--
-- Dumping data for table `cases_fraud`
--

LOCK TABLES `cases_fraud` WRITE;
/*!40000 ALTER TABLE `cases_fraud` DISABLE KEYS */;
INSERT INTO `cases_fraud` VALUES (1,120,'offline',1245635.00,124563.00,'Duplicate check clearance','[\"SBI-399757448\", \"HDFC-115573397\"]'),(2,121,'property',1548878.00,0.00,'Fake real estate documentation','[\"SBI-451431346\", \"HDFC-566271010\"]'),(3,122,'banking',1875287.00,468821.00,'Fake real estate documentation','[\"SBI-716006526\", \"HDFC-105452008\"]'),(4,123,'banking',97744.00,0.00,'Duplicate check clearance','[\"SBI-887564180\", \"HDFC-925284826\"]'),(5,124,'banking',897752.00,224438.00,'Duplicate check clearance','[\"SBI-614611532\", \"HDFC-969426488\"]'),(6,125,'property',1727372.00,0.00,'Duplicate check clearance','[\"SBI-631808267\", \"HDFC-358247252\"]'),(7,126,'online',1584320.00,0.00,'Duplicate check clearance','[\"SBI-334082685\", \"HDFC-242498426\"]'),(8,127,'online',506350.00,253175.00,'UPI fraudulent link','[\"SBI-117104881\", \"HDFC-615163018\"]'),(9,128,'banking',344325.00,172162.00,'Duplicate check clearance','[\"SBI-712441715\", \"HDFC-902392977\"]'),(10,129,'banking',958870.00,95887.00,'Fake real estate documentation','[\"SBI-854985336\", \"HDFC-535252390\"]'),(11,130,'online',1832776.00,0.00,'Duplicate check clearance','[\"SBI-855809082\", \"HDFC-780110550\"]'),(12,131,'online',1320553.00,0.00,'Duplicate check clearance','[\"SBI-841687850\", \"HDFC-457455242\"]'),(13,132,'banking',626994.00,62699.00,'Phishing calls for OTP','[\"SBI-849530830\", \"HDFC-757668199\"]'),(14,133,'banking',1671142.00,0.00,'UPI fraudulent link','[\"SBI-766208705\", \"HDFC-460449408\"]'),(15,134,'property',119948.00,29987.00,'Phishing calls for OTP','[\"SBI-155364901\", \"HDFC-219149420\"]'),(16,135,'online',980915.00,245228.00,'UPI fraudulent link','[\"SBI-492529027\", \"HDFC-493454438\"]'),(17,136,'online',1176868.00,588434.00,'UPI fraudulent link','[\"SBI-702109541\", \"HDFC-861644944\"]'),(18,137,'property',295258.00,0.00,'Fake real estate documentation','[\"SBI-679427414\", \"HDFC-221931627\"]'),(19,138,'banking',1551398.00,387849.00,'Fake real estate documentation','[\"SBI-908713884\", \"HDFC-899955602\"]'),(20,139,'property',677061.00,0.00,'Phishing calls for OTP','[\"SBI-640699840\", \"HDFC-830387900\"]'),(21,140,'banking',119210.00,0.00,'Phishing calls for OTP','[\"SBI-470684221\", \"HDFC-585772239\"]');
/*!40000 ALTER TABLE `cases_fraud` ENABLE KEYS */;
UNLOCK TABLES;

--
-- Table structure for table `cases_missing_person`
--

DROP TABLE IF EXISTS `cases_missing_person`;
/*!40101 SET @saved_cs_client     = @@character_set_client */;
/*!50503 SET character_set_client = utf8mb4 */;
CREATE TABLE `cases_missing_person` (
  `mp_id` int NOT NULL AUTO_INCREMENT,
  `fir_id` int NOT NULL,
  `missing_since` date DEFAULT NULL,
  `last_seen_location` varchar(200) DEFAULT NULL,
  `physical_description` text,
  `found` tinyint(1) DEFAULT '0',
  `found_date` date DEFAULT NULL,
  `found_location` varchar(200) DEFAULT NULL,
  `found_condition` enum('safe','injured','deceased','unknown') DEFAULT NULL,
  PRIMARY KEY (`mp_id`),
  UNIQUE KEY `fir_id` (`fir_id`),
  CONSTRAINT `cases_missing_person_ibfk_1` FOREIGN KEY (`fir_id`) REFERENCES `fir_master` (`fir_id`)
) ENGINE=InnoDB AUTO_INCREMENT=16 DEFAULT CHARSET=utf8mb4 COLLATE=utf8mb4_0900_ai_ci;
/*!40101 SET character_set_client = @saved_cs_client */;

--
-- Dumping data for table `cases_missing_person`
--

LOCK TABLES `cases_missing_person` WRITE;
/*!40000 ALTER TABLE `cases_missing_person` DISABLE KEYS */;
INSERT INTO `cases_missing_person` VALUES (1,161,'2023-06-13','Rajajinagar Bus Stop','Height: 5\'6\", Age: 25, Wearing blue shirt and jeans. Mole on right cheek.',1,'2023-06-30','Malleshwaram, Bengaluru','safe'),(2,162,'2023-10-16','JP Nagar Bus Stop','Height: 5\'6\", Age: 25, Wearing blue shirt and jeans. Mole on right cheek.',1,'2023-11-06','Malleshwaram, Bengaluru','safe'),(3,163,'2023-08-19','Hebbal Bus Stop','Height: 5\'6\", Age: 25, Wearing blue shirt and jeans. Mole on right cheek.',0,NULL,NULL,'unknown'),(4,164,'2023-10-02','Yeshwanthpur Bus Stop','Height: 5\'6\", Age: 25, Wearing blue shirt and jeans. Mole on right cheek.',1,'2023-10-04','Whitefield, Bengaluru','deceased'),(5,165,'2024-01-30','Jayanagar Bus Stop','Height: 5\'6\", Age: 25, Wearing blue shirt and jeans. Mole on right cheek.',0,NULL,NULL,'unknown'),(6,166,'2024-04-21','Malleshwaram Bus Stop','Height: 5\'6\", Age: 25, Wearing blue shirt and jeans. Mole on right cheek.',1,'2024-06-08','Hebbal, Bengaluru','unknown'),(7,167,'2023-06-20','BTM Layout Bus Stop','Height: 5\'6\", Age: 25, Wearing blue shirt and jeans. Mole on right cheek.',0,NULL,NULL,'unknown'),(8,168,'2023-09-01','Yelahanka Bus Stop','Height: 5\'6\", Age: 25, Wearing blue shirt and jeans. Mole on right cheek.',1,'2023-10-20','Rajajinagar, Bengaluru','safe'),(9,169,'2024-02-15','Rajajinagar Bus Stop','Height: 5\'6\", Age: 25, Wearing blue shirt and jeans. Mole on right cheek.',0,NULL,NULL,'unknown'),(10,170,'2024-04-18','Electronic City Bus Stop','Height: 5\'6\", Age: 25, Wearing blue shirt and jeans. Mole on right cheek.',1,'2024-04-26','JP Nagar, Bengaluru','safe'),(11,171,'2023-01-22','Jayanagar Bus Stop','Height: 5\'6\", Age: 25, Wearing blue shirt and jeans. Mole on right cheek.',0,NULL,NULL,'unknown'),(12,172,'2023-03-02','Yeshwanthpur Bus Stop','Height: 5\'6\", Age: 25, Wearing blue shirt and jeans. Mole on right cheek.',1,'2023-04-11','Marathahalli, Bengaluru','safe'),(13,173,'2023-07-03','Indiranagar Bus Stop','Height: 5\'6\", Age: 25, Wearing blue shirt and jeans. Mole on right cheek.',1,'2023-08-11','BTM Layout, Bengaluru','safe'),(14,174,'2023-09-28','Shivajinagar Bus Stop','Height: 5\'6\", Age: 25, Wearing blue shirt and jeans. Mole on right cheek.',0,NULL,NULL,'unknown'),(15,175,'2024-01-29','Yeshwanthpur Bus Stop','Height: 5\'6\", Age: 25, Wearing blue shirt and jeans. Mole on right cheek.',1,'2024-02-04','Hebbal, Bengaluru','injured');
/*!40000 ALTER TABLE `cases_missing_person` ENABLE KEYS */;
UNLOCK TABLES;

--
-- Table structure for table `cases_theft`
--

DROP TABLE IF EXISTS `cases_theft`;
/*!40101 SET @saved_cs_client     = @@character_set_client */;
/*!50503 SET character_set_client = utf8mb4 */;
CREATE TABLE `cases_theft` (
  `theft_id` int NOT NULL AUTO_INCREMENT,
  `fir_id` int NOT NULL,
  `stolen_items` text,
  `estimated_value` decimal(12,2) DEFAULT NULL,
  `recovered` tinyint(1) DEFAULT '0',
  `recovery_date` date DEFAULT NULL,
  `recovery_notes` text,
  PRIMARY KEY (`theft_id`),
  UNIQUE KEY `fir_id` (`fir_id`),
  CONSTRAINT `cases_theft_ibfk_1` FOREIGN KEY (`fir_id`) REFERENCES `fir_master` (`fir_id`)
) ENGINE=InnoDB AUTO_INCREMENT=42 DEFAULT CHARSET=utf8mb4 COLLATE=utf8mb4_0900_ai_ci;
/*!40101 SET character_set_client = @saved_cs_client */;

--
-- Dumping data for table `cases_theft`
--

LOCK TABLES `cases_theft` WRITE;
/*!40000 ALTER TABLE `cases_theft` DISABLE KEYS */;
INSERT INTO `cases_theft` VALUES (1,10,'[\"iPhone 14 Pro Max\", \"Leather Wallet\"]',23906.00,0,NULL,NULL),(2,11,'[\"Bicycle\", \"Toolbox\"]',134304.00,0,NULL,NULL),(3,12,'[\"Dell Laptop\", \"Office Files\"]',77618.00,1,'2024-03-12','Recovered from local pawn shop.'),(4,13,'[\"gold necklace\", \"gold bangles\"]',721.00,0,NULL,NULL),(5,14,'[\"iPhone 14 Pro Max\", \"Leather Wallet\"]',29256.00,0,NULL,NULL),(6,15,'[\"gold necklace\", \"gold bangles\"]',62167.00,0,NULL,NULL),(7,16,'[\"Bicycle\", \"Toolbox\"]',103855.00,0,NULL,NULL),(8,17,'[\"Television\", \"Soundbar\"]',100846.00,0,NULL,NULL),(9,18,'[\"Cash INR 50,000\"]',143399.00,0,NULL,NULL),(10,19,'[\"Dell Laptop\", \"Office Files\"]',124984.00,1,'2024-03-13','Recovered from local pawn shop.'),(11,20,'[\"Cash INR 50,000\"]',94947.00,0,NULL,NULL),(12,21,'[\"Dell Laptop\", \"Office Files\"]',76120.00,0,NULL,NULL),(13,22,'[\"Television\", \"Soundbar\"]',33411.00,1,'2024-01-11','Recovered from local pawn shop.'),(14,23,'[\"Television\", \"Soundbar\"]',4617.00,1,'2024-03-04','Recovered from local pawn shop.'),(15,24,'[\"Television\", \"Soundbar\"]',114987.00,0,NULL,NULL),(16,25,'[\"Dell Laptop\", \"Office Files\"]',22694.00,1,'2024-02-24','Recovered from local pawn shop.'),(17,26,'[\"Cash INR 50,000\"]',112095.00,0,NULL,NULL),(18,27,'[\"Cash INR 50,000\"]',134040.00,0,NULL,NULL),(19,28,'[\"Cash INR 50,000\"]',101350.00,0,NULL,NULL),(20,29,'[\"Dell Laptop\", \"Office Files\"]',111851.00,0,NULL,NULL),(21,30,'[\"Bicycle\", \"Toolbox\"]',131088.00,0,NULL,NULL),(22,31,'[\"Dell Laptop\", \"Office Files\"]',132025.00,0,NULL,NULL),(23,32,'[\"Bicycle\", \"Toolbox\"]',96698.00,1,'2024-01-06','Recovered from local pawn shop.'),(24,33,'[\"Bicycle\", \"Toolbox\"]',127185.00,0,NULL,NULL),(25,34,'[\"gold necklace\", \"gold bangles\"]',126730.00,0,NULL,NULL),(26,35,'[\"gold necklace\", \"gold bangles\"]',37747.00,0,NULL,NULL),(27,36,'[\"Bicycle\", \"Toolbox\"]',73748.00,0,NULL,NULL),(28,37,'[\"gold necklace\", \"gold bangles\"]',137694.00,0,NULL,NULL),(29,38,'[\"gold necklace\", \"gold bangles\"]',64785.00,0,NULL,NULL),(30,39,'[\"Television\", \"Soundbar\"]',20968.00,0,NULL,NULL),(31,40,'[\"Bicycle\", \"Toolbox\"]',82419.00,0,NULL,NULL),(32,41,'[\"iPhone 14 Pro Max\", \"Leather Wallet\"]',140755.00,0,NULL,NULL),(33,42,'[\"Cash INR 50,000\"]',119522.00,0,NULL,NULL),(34,43,'[\"Cash INR 50,000\"]',87404.00,0,NULL,NULL),(35,44,'[\"iPhone 14 Pro Max\", \"Leather Wallet\"]',76314.00,1,'2024-03-30','Recovered from local pawn shop.'),(36,45,'[\"Bicycle\", \"Toolbox\"]',80210.00,0,NULL,NULL),(37,46,'[\"Bicycle\", \"Toolbox\"]',68773.00,1,'2024-03-02','Recovered from local pawn shop.'),(38,47,'[\"Bicycle\", \"Toolbox\"]',44823.00,0,NULL,NULL),(39,48,'[\"Television\", \"Soundbar\"]',76981.00,0,NULL,NULL),(40,49,'[\"Bicycle\", \"Toolbox\"]',7656.00,0,NULL,NULL),(41,50,'[\"gold necklace\", \"gold bangles\"]',33745.00,0,NULL,NULL);
/*!40000 ALTER TABLE `cases_theft` ENABLE KEYS */;
UNLOCK TABLES;

--
-- Table structure for table `cases_vehicle_theft`
--

DROP TABLE IF EXISTS `cases_vehicle_theft`;
/*!40101 SET @saved_cs_client     = @@character_set_client */;
/*!50503 SET character_set_client = utf8mb4 */;
CREATE TABLE `cases_vehicle_theft` (
  `vt_id` int NOT NULL AUTO_INCREMENT,
  `fir_id` int NOT NULL,
  `vehicle_type` enum('two_wheeler','car','truck','auto','other') DEFAULT NULL,
  `vehicle_make` varchar(50) DEFAULT NULL,
  `vehicle_model` varchar(50) DEFAULT NULL,
  `registration_no` varchar(20) DEFAULT NULL,
  `color` varchar(30) DEFAULT NULL,
  `recovered` tinyint(1) DEFAULT '0',
  `recovery_date` date DEFAULT NULL,
  `recovery_location` varchar(200) DEFAULT NULL,
  PRIMARY KEY (`vt_id`),
  UNIQUE KEY `fir_id` (`fir_id`),
  CONSTRAINT `cases_vehicle_theft_ibfk_1` FOREIGN KEY (`fir_id`) REFERENCES `fir_master` (`fir_id`)
) ENGINE=InnoDB AUTO_INCREMENT=30 DEFAULT CHARSET=utf8mb4 COLLATE=utf8mb4_0900_ai_ci;
/*!40101 SET character_set_client = @saved_cs_client */;

--
-- Dumping data for table `cases_vehicle_theft`
--

LOCK TABLES `cases_vehicle_theft` WRITE;
/*!40000 ALTER TABLE `cases_vehicle_theft` DISABLE KEYS */;
INSERT INTO `cases_vehicle_theft` VALUES (1,87,'two_wheeler','TVS','Model-B','KA-04-MB-4287','Blue',0,NULL,NULL),(2,88,'car','Maruti Suzuki','Model-B','KA-05-RA-2740','Red',0,NULL,NULL),(3,89,'two_wheeler','Honda','Model-A','KA-05-PB-1307','Red',1,'2024-03-23','Koramangala, Bengaluru'),(4,90,'auto','Piaggio','Model-C','KA-02-PB-1060','Blue',0,NULL,NULL),(5,91,'car','Mahindra','Model-Classic','KA-04-MC-4700','Black',0,NULL,NULL),(6,92,'car','Mahindra','Model-A','KA-05-PB-5961','Red',1,'2024-03-24','Indiranagar, Bengaluru'),(7,93,'two_wheeler','TVS','Model-A','KA-04-PC-4327','White',0,NULL,NULL),(8,94,'truck','Tata','Model-C','KA-04-MC-6886','Red',1,'2024-03-22','Electronic City, Bengaluru'),(9,95,'car','Hyundai','Model-A','KA-02-MC-4907','Red',0,NULL,NULL),(10,96,'car','Tata Motors','Model-Classic','KA-05-RA-1606','Silver',1,'2024-04-03','Koramangala, Bengaluru'),(11,97,'two_wheeler','Hero','Model-Deluxe','KA-04-NC-4817','Black',1,'2024-01-20','Electronic City, Bengaluru'),(12,98,'car','Mahindra','Model-Deluxe','KA-01-NC-3138','Black',1,'2024-01-08','Yelahanka, Bengaluru'),(13,99,'two_wheeler','Honda','Model-Classic','KA-05-NC-2047','Black',1,'2024-03-18','HSR Layout, Bengaluru'),(14,100,'car','Maruti Suzuki','Model-B','KA-04-PC-7586','Silver',1,'2024-03-29','Rajajinagar, Bengaluru'),(15,101,'car','Tata Motors','Model-B','KA-01-NB-2035','Black',0,NULL,NULL),(16,102,'car','Hyundai','Model-C','KA-05-NB-4991','Blue',1,'2024-01-14','HSR Layout, Bengaluru'),(17,103,'car','Toyota','Model-Classic','KA-02-MB-2322','Black',1,'2024-01-13','JP Nagar, Bengaluru'),(18,104,'car','Tata Motors','Model-Classic','KA-04-NA-3344','Silver',0,NULL,NULL),(19,105,'two_wheeler','Hero','Model-Deluxe','KA-01-NC-9190','Blue',0,NULL,NULL),(20,106,'car','Tata Motors','Model-C','KA-04-MC-4860','White',1,'2024-03-09','Indiranagar, Bengaluru'),(21,107,'car','Toyota','Model-Deluxe','KA-02-RC-4409','Silver',1,'2024-01-16','HSR Layout, Bengaluru'),(22,108,'two_wheeler','Royal Enfield','Model-Classic','KA-02-NC-1706','Black',0,NULL,NULL),(23,109,'two_wheeler','Royal Enfield','Model-C','KA-03-RA-2710','Black',0,NULL,NULL),(24,110,'two_wheeler','Honda','Model-Classic','KA-05-MA-4855','Red',0,NULL,NULL),(25,111,'two_wheeler','Hero','Model-C','KA-02-MB-4731','Black',1,'2024-02-23','Marathahalli, Bengaluru'),(26,112,'two_wheeler','Hero','Model-A','KA-04-RA-8141','White',1,'2024-03-20','Electronic City, Bengaluru'),(27,113,'two_wheeler','TVS','Model-B','KA-04-NC-6875','Silver',1,'2024-01-18','Koramangala, Bengaluru'),(28,114,'car','Maruti Suzuki','Model-C','KA-02-MB-8513','Red',1,'2024-02-14','Shivajinagar, Bengaluru'),(29,115,'auto','Bajaj','Model-Deluxe','KA-02-NA-7745','Blue',0,NULL,NULL);
/*!40000 ALTER TABLE `cases_vehicle_theft` ENABLE KEYS */;
UNLOCK TABLES;

--
-- Table structure for table `chat_messages`
--

DROP TABLE IF EXISTS `chat_messages`;
/*!40101 SET @saved_cs_client     = @@character_set_client */;
/*!50503 SET character_set_client = utf8mb4 */;
CREATE TABLE `chat_messages` (
  `message_id` int NOT NULL AUTO_INCREMENT,
  `session_id` varchar(36) NOT NULL,
  `role` enum('user','assistant') NOT NULL,
  `content` text NOT NULL,
  `sql_generated` text,
  `has_table` tinyint(1) DEFAULT '0',
  `has_media` tinyint(1) DEFAULT '0',
  `graph_available` tinyint(1) DEFAULT '0',
  `created_at` timestamp NULL DEFAULT CURRENT_TIMESTAMP,
  `table_data_json` mediumtext,
  PRIMARY KEY (`message_id`),
  KEY `idx_messages_session` (`session_id`,`created_at`),
  CONSTRAINT `chat_messages_ibfk_1` FOREIGN KEY (`session_id`) REFERENCES `chat_sessions` (`session_id`)
) ENGINE=InnoDB AUTO_INCREMENT=24 DEFAULT CHARSET=utf8mb4 COLLATE=utf8mb4_0900_ai_ci;
/*!40101 SET character_set_client = @saved_cs_client */;

--
-- Dumping data for table `chat_messages`
--

LOCK TABLES `chat_messages` WRITE;
/*!40000 ALTER TABLE `chat_messages` DISABLE KEYS */;
INSERT INTO `chat_messages` VALUES (11,'20392d67-e46c-4047-ac22-2c22b9ae95e4','user','Give me all cases related to theft or robbery',NULL,0,0,0,'2026-06-20 06:32:52',NULL),(12,'50dc1a47-5445-4751-b3ed-0fc97b53c338','user','Give me 1 most important case that I am handling',NULL,0,0,0,'2026-06-20 09:46:04',NULL),(13,'50dc1a47-5445-4751-b3ed-0fc97b53c338','assistant','The most important case you are handling is a theft incident in Whitefield, Bengaluru, with FIR number FIR/2025/WHI/0001, filed on April 10, 2025, and it is currently open. This case has no attached media.','SELECT fm.fir_id, fm.fir_number, fm.case_type, fm.incident_location, fm.date_filed, fm.status\nFROM fir_master fm\nJOIN officers o ON fm.investigating_officer_id = o.officer_id\nWHERE fm.investigating_officer_id = 5\nORDER BY fm.date_filed DESC, fm.time_filed DESC\nLIMIT 1',1,0,0,'2026-06-20 09:46:04','[{\"fir_id\": 25, \"fir_number\": \"FIR/2025/WHI/0001\", \"case_type\": \"theft\", \"incident_location\": \"Whitefield, Bengaluru\", \"date_filed\": \"2025-04-10\", \"status\": \"open\"}]'),(14,'50dc1a47-5445-4751-b3ed-0fc97b53c338','user','Show me cases that have attachments like any image or files ?',NULL,0,0,0,'2026-06-20 14:50:07',NULL),(15,'50dc1a47-5445-4751-b3ed-0fc97b53c338','assistant','There are 15 cases with attachments, all of which are images. The cases involve various types of crimes including assault, theft, and fraud, with multiple incidents occurring in different locations across Bengaluru.','SELECT f.fir_id, f.fir_number, f.case_type, f.incident_location,\n       e.media_type, e.description\nFROM fir_master AS f\nJOIN evidence_media AS e ON e.fir_id = f.fir_id\nWHERE e.media_type IN (\'image\', \'document\')\nORDER BY f.date_filed DESC\nLIMIT 50',1,1,1,'2026-06-20 14:50:07','[{\"fir_id\": 74, \"fir_number\": \"FIR/2025/IND/0002\", \"case_type\": \"assault\", \"incident_location\": \"Indiranagar, Bengaluru\", \"media_type\": \"image\", \"description\": \"Recovered stolen gold jewelry picture\"}, {\"fir_id\": 143, \"fir_number\": \"FIR/2024/MAR/0003\", \"case_type\": \"cybercrime\", \"incident_location\": \"Marathahalli, Bengaluru\", \"media_type\": \"image\", \"description\": \"Assault victim injury photo (evidence record)\"}, {\"fir_id\": 196, \"fir_number\": \"FIR/2024/JAY/0005\", \"case_type\": \"robbery\", \"incident_location\": \"Jayanagar, Bengaluru\", \"media_type\": \"image\", \"description\": \"Assault victim injury photo (evidence record)\"}, {\"fir_id\": 93, \"fir_number\": \"FIR/2024/KOR/0001\", \"case_type\": \"vehicle_theft\", \"incident_location\": \"Koramangala, Bengaluru\", \"media_type\": \"image\", \"description\": \"Crime scene photo showing point of entry\"}, {\"fir_id\": 32, \"fir_number\": \"FIR/2024/YEL/0001\", \"case_type\": \"theft\", \"incident_location\": \"Yelahanka, Bengaluru\", \"media_type\": \"image\", \"description\": \"CCTV image of vehicle suspect fled in\"}, {\"fir_id\": 185, \"fir_number\": \"FIR/2023/ECE/0007\", \"case_type\": \"drug_offense\", \"incident_location\": \"Electronic City, Bengaluru\", \"media_type\": \"image\", \"description\": \"Assault victim injury photo (evidence record)\"}, {\"fir_id\": 195, \"fir_number\": \"FIR/2023/MAL/0003\", \"case_type\": \"robbery\", \"incident_location\": \"Malleshwaram, Bengaluru\", \"media_type\": \"image\", \"description\": \"Assault victim injury photo (evidence record)\"}, {\"fir_id\": 11, \"fir_number\": \"FIR/2023/IND/0001\", \"case_type\": \"theft\", \"incident_location\": \"Indiranagar, Bengaluru\", \"media_type\": \"image\", \"description\": \"Recovered stolen gold jewelry picture\"}, {\"fir_id\": 81, \"fir_number\": \"FIR/2023/ECE/0005\", \"case_type\": \"assault\", \"incident_location\": \"Electronic City, Bengaluru\", \"media_type\": \"image\", \"description\": \"Assault victim injury photo (evidence record)\"}, {\"fir_id\": 181, \"fir_number\": \"FIR/2023/JAY/0005\", \"case_type\": \"drug_offense\", \"incident_location\": \"Jayanagar, Bengaluru\", \"media_type\": \"image\", \"description\": \"Crime scene photo showing point of entry\"}, {\"fir_id\": 120, \"fir_number\": \"FIR/2023/YES/0001\", \"case_type\": \"fraud\", \"incident_location\": \"Yeshwanthpur, Bengaluru\", \"media_type\": \"image\", \"description\": \"Assault victim injury photo (evidence record)\"}, {\"fir_id\": 29, \"fir_number\": \"FIR/2023/RAJ/0003\", \"case_type\": \"theft\", \"incident_location\": \"Rajajinagar, Bengaluru\", \"media_type\": \"image\", \"description\": \"CCTV image of vehicle suspect fled in\"}, {\"fir_id\": 127, \"fir_number\": \"FIR/2022/SHI/0004\", \"case_type\": \"fraud\", \"incident_location\": \"Shivajinagar, Bengaluru\", \"media_type\": \"image\", \"description\": \"Crime scene photo showing point of entry\"}, {\"fir_id\": 134, \"fir_number\": \"FIR/2022/MAL/0002\", \"case_type\": \"fraud\", \"incident_location\": \"Malleshwaram, Bengaluru\", \"media_type\": \"image\", \"description\": \"Assault victim injury photo (evidence record)\"}, {\"fir_id\": 35, \"fir_number\": \"FIR/2022/SHI/0002\", \"case_type\": \"theft\", \"incident_location\": \"Shivajinagar, Bengaluru\", \"media_type\": \"image\", \"description\": \"Assault victim injury photo (evidence record)\"}]'),(16,'50dc1a47-5445-4751-b3ed-0fc97b53c338','user','for how many cases do you have view network',NULL,0,0,0,'2026-06-20 14:50:48',NULL),(17,'50dc1a47-5445-4751-b3ed-0fc97b53c338','assistant','I don\'t have that detail — ask me to pull it and I\'ll query the database.','',0,0,0,'2026-06-20 14:50:48',NULL),(18,'50dc1a47-5445-4751-b3ed-0fc97b53c338','user','yes pull',NULL,0,0,0,'2026-06-20 14:51:09',NULL),(19,'50dc1a47-5445-4751-b3ed-0fc97b53c338','assistant','I don\'t have that detail — ask me to pull it and I\'ll query the database. If you need information on the network views for these cases, please specify and I will retrieve it for you.','',0,0,0,'2026-06-20 14:51:09',NULL),(20,'50dc1a47-5445-4751-b3ed-0fc97b53c338','user','show me cases that have any attachments',NULL,0,0,0,'2026-06-20 15:54:24',NULL),(21,'50dc1a47-5445-4751-b3ed-0fc97b53c338','assistant','I don\'t have the specific details of cases with attachments from the recent conversation or provided results. Please ask me to pull that information and I\'ll query the database for you.','',0,0,0,'2026-06-20 15:54:24',NULL),(22,'50dc1a47-5445-4751-b3ed-0fc97b53c338','user','Show me cases handled by me',NULL,0,0,0,'2026-06-20 16:38:54',NULL),(23,'50dc1a47-5445-4751-b3ed-0fc97b53c338','assistant','You have 25 open cases, primarily involving theft and assault. The majority of these cases are currently open and located in various parts of Bengaluru, with notable incidents in Whitefield, BTM Layout, and Shivajinagar. Additionally, there is one attached image related to one of these cases.','SELECT fir_id, fir_number, case_type, incident_location, date_filed, status\nFROM fir_master\nJOIN officers o ON fir_master.investigating_officer_id = o.officer_id\nWHERE o.officer_id = 5\nLIMIT 50',1,1,1,'2026-06-20 16:38:54','[{\"fir_id\": 2, \"fir_number\": \"FIR/2024/JPN/0001\", \"case_type\": \"theft\", \"incident_location\": \"JP Nagar, Bengaluru\", \"date_filed\": \"2024-05-15\", \"status\": \"open\"}, {\"fir_id\": 7, \"fir_number\": \"FIR/2023/WHI/0001\", \"case_type\": \"theft\", \"incident_location\": \"Whitefield, Bengaluru\", \"date_filed\": \"2023-07-03\", \"status\": \"open\"}, {\"fir_id\": 19, \"fir_number\": \"FIR/2022/BTM/0001\", \"case_type\": \"theft\", \"incident_location\": \"BTM Layout, Bengaluru\", \"date_filed\": \"2022-07-21\", \"status\": \"open\"}, {\"fir_id\": 25, \"fir_number\": \"FIR/2025/WHI/0001\", \"case_type\": \"theft\", \"incident_location\": \"Whitefield, Bengaluru\", \"date_filed\": \"2025-04-10\", \"status\": \"open\"}, {\"fir_id\": 28, \"fir_number\": \"FIR/2025/BTM/0001\", \"case_type\": \"theft\", \"incident_location\": \"BTM Layout, Bengaluru\", \"date_filed\": \"2025-02-09\", \"status\": \"open\"}, {\"fir_id\": 38, \"fir_number\": \"FIR/2024/MAL/0001\", \"case_type\": \"theft\", \"incident_location\": \"Malleshwaram, Bengaluru\", \"date_filed\": \"2024-06-02\", \"status\": \"open\"}, {\"fir_id\": 54, \"fir_number\": \"FIR/2023/SHI/0001\", \"case_type\": \"assault\", \"incident_location\": \"Shivajinagar, Bengaluru\", \"date_filed\": \"2023-02-13\", \"status\": \"open\"}, {\"fir_id\": 60, \"fir_number\": \"FIR/2024/HSR/0003\", \"case_type\": \"assault\", \"incident_location\": \"HSR Layout, Bengaluru\", \"date_filed\": \"2024-08-09\", \"status\": \"open\"}, {\"fir_id\": 62, \"fir_number\": \"FIR/2023/HEB/0002\", \"case_type\": \"assault\", \"incident_location\": \"Hebbal, Bengaluru\", \"date_filed\": \"2023-05-08\", \"status\": \"under_investigation\"}, {\"fir_id\": 63, \"fir_number\": \"FIR/2025/BTM/0003\", \"case_type\": \"assault\", \"incident_location\": \"BTM Layout, Bengaluru\", \"date_filed\": \"2025-04-06\", \"status\": \"open\"}, {\"fir_id\": 64, \"fir_number\": \"FIR/2022/SHI/0003\", \"case_type\": \"assault\", \"incident_location\": \"Shivajinagar, Bengaluru\", \"date_filed\": \"2022-09-05\", \"status\": \"under_investigation\"}, {\"fir_id\": 72, \"fir_number\": \"FIR/2023/BTM/0003\", \"case_type\": \"assault\", \"incident_location\": \"BTM Layout, Bengaluru\", \"date_filed\": \"2023-02-10\", \"status\": \"open\"}, {\"fir_id\": 82, \"fir_number\": \"FIR/2022/HEB/0001\", \"case_type\": \"assault\", \"incident_location\": \"Hebbal, Bengaluru\", \"date_filed\": \"2022-10-07\", \"status\": \"open\"}, {\"fir_id\": 91, \"fir_number\": \"FIR/2024/YEL/0002\", \"case_type\": \"vehicle_theft\", \"incident_location\": \"Yelahanka, Bengaluru\", \"date_filed\": \"2024-08-10\", \"status\": \"chargesheeted\"}, {\"fir_id\": 92, \"fir_number\": \"FIR/2023/ECE/0006\", \"case_type\": \"vehicle_theft\", \"incident_location\": \"Electronic City, Bengaluru\", \"date_filed\": \"2023-09-11\", \"status\": \"chargesheeted\"}, {\"fir_id\": 98, \"fir_number\": \"FIR/2025/MAR/0002\", \"case_type\": \"vehicle_theft\", \"incident_location\": \"Marathahalli, Bengaluru\", \"date_filed\": \"2025-02-15\", \"status\": \"under_investigation\"}, {\"fir_id\": 126, \"fir_number\": \"FIR/2024/HEB/0002\", \"case_type\": \"fraud\", \"incident_location\": \"Hebbal, Bengaluru\", \"date_filed\": \"2024-11-10\", \"status\": \"open\"}, {\"fir_id\": 128, \"fir_number\": \"FIR/2025/BTM/0005\", \"case_type\": \"fraud\", \"incident_location\": \"BTM Layout, Bengaluru\", \"date_filed\": \"2025-03-02\", \"status\": \"under_investigation\"}, {\"fir_id\": 172, \"fir_number\": \"FIR/2023/WHI/0004\", \"case_type\": \"missing_person\", \"incident_location\": \"Whitefield, Bengaluru\", \"date_filed\": \"2023-05-24\", \"status\": \"open\"}, {\"fir_id\": 183, \"fir_number\": \"FIR/2023/WHI/0005\", \"case_type\": \"drug_offense\", \"incident_location\": \"Whitefield, Bengaluru\", \"date_filed\": \"2023-10-05\", \"status\": \"under_investigation\"}, {\"fir_id\": 190, \"fir_number\": \"FIR/2022/HEB/0003\", \"case_type\": \"drug_offense\", \"incident_location\": \"Hebbal, Bengaluru\", \"date_filed\": \"2022-03-18\", \"status\": \"under_investigation\"}, {\"fir_id\": 194, \"fir_number\": \"FIR/2024/IND/0002\", \"case_type\": \"robbery\", \"incident_location\": \"Indiranagar, Bengaluru\", \"date_filed\": \"2024-03-31\", \"status\": \"open\"}, {\"fir_id\": 195, \"fir_number\": \"FIR/2023/MAL/0003\", \"case_type\": \"robbery\", \"incident_location\": \"Malleshwaram, Bengaluru\", \"date_filed\": \"2023-09-11\", \"status\": \"open\"}, {\"fir_id\": 200, \"fir_number\": \"FIR/2022/ECE/0002\", \"case_type\": \"robbery\", \"incident_location\": \"Electronic City, Bengaluru\", \"date_filed\": \"2022-07-06\", \"status\": \"open\"}, {\"fir_id\": 208, \"fir_number\": \"FIR/2025/MAL/0002\", \"case_type\": \"domestic_violence\", \"incident_location\": \"Malleshwaram, Bengaluru\", \"date_filed\": \"2025-03-28\", \"status\": \"open\"}]');
/*!40000 ALTER TABLE `chat_messages` ENABLE KEYS */;
UNLOCK TABLES;

--
-- Table structure for table `chat_sessions`
--

DROP TABLE IF EXISTS `chat_sessions`;
/*!40101 SET @saved_cs_client     = @@character_set_client */;
/*!50503 SET character_set_client = utf8mb4 */;
CREATE TABLE `chat_sessions` (
  `session_id` varchar(36) NOT NULL,
  `officer_id` int NOT NULL,
  `title` varchar(200) NOT NULL DEFAULT 'Untitled Chat',
  `created_at` timestamp NULL DEFAULT CURRENT_TIMESTAMP,
  `updated_at` timestamp NULL DEFAULT CURRENT_TIMESTAMP ON UPDATE CURRENT_TIMESTAMP,
  `message_count` int DEFAULT '0',
  `is_active` tinyint(1) DEFAULT '1',
  PRIMARY KEY (`session_id`),
  KEY `idx_sessions_officer` (`officer_id`,`updated_at`),
  CONSTRAINT `chat_sessions_ibfk_1` FOREIGN KEY (`officer_id`) REFERENCES `officers` (`officer_id`)
) ENGINE=InnoDB DEFAULT CHARSET=utf8mb4 COLLATE=utf8mb4_0900_ai_ci;
/*!40101 SET character_set_client = @saved_cs_client */;

--
-- Dumping data for table `chat_sessions`
--

LOCK TABLES `chat_sessions` WRITE;
/*!40000 ALTER TABLE `chat_sessions` DISABLE KEYS */;
INSERT INTO `chat_sessions` VALUES ('20392d67-e46c-4047-ac22-2c22b9ae95e4',5,'Give me all cases related to theft or robbery','2026-06-20 06:32:52','2026-06-20 06:32:52',2,1),('50dc1a47-5445-4751-b3ed-0fc97b53c338',5,'Give me 1 most important case that I am handling','2026-06-20 09:46:04','2026-06-20 16:38:54',12,1);
/*!40000 ALTER TABLE `chat_sessions` ENABLE KEYS */;
UNLOCK TABLES;

--
-- Table structure for table `evidence_media`
--

DROP TABLE IF EXISTS `evidence_media`;
/*!40101 SET @saved_cs_client     = @@character_set_client */;
/*!50503 SET character_set_client = utf8mb4 */;
CREATE TABLE `evidence_media` (
  `media_id` int NOT NULL AUTO_INCREMENT,
  `fir_id` int NOT NULL,
  `media_type` enum('image','audio','video','document') NOT NULL,
  `file_name` varchar(200) NOT NULL,
  `stratus_folder_id` varchar(100) NOT NULL,
  `stratus_file_id` varchar(100) NOT NULL,
  `description` varchar(500) DEFAULT NULL,
  `uploaded_at` timestamp NULL DEFAULT CURRENT_TIMESTAMP,
  PRIMARY KEY (`media_id`),
  KEY `idx_media_fir` (`fir_id`),
  CONSTRAINT `evidence_media_ibfk_1` FOREIGN KEY (`fir_id`) REFERENCES `fir_master` (`fir_id`)
) ENGINE=InnoDB AUTO_INCREMENT=26 DEFAULT CHARSET=utf8mb4 COLLATE=utf8mb4_0900_ai_ci;
/*!40101 SET character_set_client = @saved_cs_client */;

--
-- Dumping data for table `evidence_media`
--

LOCK TABLES `evidence_media` WRITE;
/*!40000 ALTER TABLE `evidence_media` DISABLE KEYS */;
INSERT INTO `evidence_media` VALUES (1,195,'image','evidence_195_00.jpg','folder_placeholder_331','file_placeholder_82602','Assault victim injury photo (evidence record)','2026-06-13 10:46:21'),(2,81,'image','evidence_81_01.jpg','folder_placeholder_397','file_placeholder_66093','Assault victim injury photo (evidence record)','2026-06-13 10:46:21'),(3,32,'image','evidence_32_02.jpg','folder_placeholder_977','file_placeholder_19123','CCTV image of vehicle suspect fled in','2026-06-13 10:46:21'),(4,120,'image','evidence_120_03.jpg','folder_placeholder_795','file_placeholder_58161','Assault victim injury photo (evidence record)','2026-06-13 10:46:21'),(5,29,'image','evidence_29_04.jpg','folder_placeholder_113','file_placeholder_98363','CCTV image of vehicle suspect fled in','2026-06-13 10:46:21'),(6,134,'image','evidence_134_05.jpg','folder_placeholder_788','file_placeholder_23785','Assault victim injury photo (evidence record)','2026-06-13 10:46:21'),(7,35,'image','evidence_35_06.jpg','folder_placeholder_548','file_placeholder_78506','Assault victim injury photo (evidence record)','2026-06-13 10:46:21'),(8,127,'image','evidence_127_07.jpg','folder_placeholder_222','file_placeholder_28791','Crime scene photo showing point of entry','2026-06-13 10:46:21'),(9,196,'image','evidence_196_08.jpg','folder_placeholder_510','file_placeholder_87405','Assault victim injury photo (evidence record)','2026-06-13 10:46:21'),(10,93,'image','evidence_93_09.jpg','folder_placeholder_859','file_placeholder_32114','Crime scene photo showing point of entry','2026-06-13 10:46:21'),(11,181,'image','evidence_181_10.jpg','folder_placeholder_472','file_placeholder_36094','Crime scene photo showing point of entry','2026-06-13 10:46:21'),(12,74,'image','evidence_74_11.jpg','folder_placeholder_305','file_placeholder_87982','Recovered stolen gold jewelry picture','2026-06-13 10:46:21'),(13,143,'image','evidence_143_12.jpg','folder_placeholder_225','file_placeholder_40522','Assault victim injury photo (evidence record)','2026-06-13 10:46:21'),(14,185,'image','evidence_185_13.jpg','folder_placeholder_842','file_placeholder_75419','Assault victim injury photo (evidence record)','2026-06-13 10:46:21'),(15,11,'image','evidence_11_14.jpg','folder_placeholder_883','file_placeholder_86273','Recovered stolen gold jewelry picture','2026-06-13 10:46:21'),(16,22,'video','evidence_22_15.mp4','folder_placeholder_379','file_placeholder_94388','Video recording of witness identifying suspect at station','2026-06-13 10:46:21'),(17,84,'video','evidence_84_16.mp4','folder_placeholder_464','file_placeholder_72367','Suspect dashcam recording from traffic signal','2026-06-13 10:46:21'),(18,213,'video','evidence_213_17.mp4','folder_placeholder_717','file_placeholder_63011','Video recording of witness identifying suspect at station','2026-06-13 10:46:21'),(19,30,'video','evidence_30_18.mp4','folder_placeholder_623','file_placeholder_46554','Suspect dashcam recording from traffic signal','2026-06-13 10:46:21'),(20,99,'video','evidence_99_19.mp4','folder_placeholder_886','file_placeholder_69589','CCTV footage from street camera at incident time','2026-06-13 10:46:21'),(21,73,'video','evidence_73_20.mp4','folder_placeholder_225','file_placeholder_42858','CCTV footage from street camera at incident time','2026-06-13 10:46:21'),(22,117,'audio','evidence_117_21.mp3','folder_placeholder_609','file_placeholder_40254','911 emergency call audio backup','2026-06-13 10:46:21'),(23,154,'audio','evidence_154_22.mp3','folder_placeholder_237','file_placeholder_13895','Suspect voice call record intercepts','2026-06-13 10:46:21'),(24,189,'audio','evidence_189_23.mp3','folder_placeholder_855','file_placeholder_16927','Witness statement audio recording','2026-06-13 10:46:21'),(25,80,'audio','evidence_80_24.mp3','folder_placeholder_610','file_placeholder_98880','Witness statement audio recording','2026-06-13 10:46:21');
/*!40000 ALTER TABLE `evidence_media` ENABLE KEYS */;
UNLOCK TABLES;

--
-- Table structure for table `fir_master`
--

DROP TABLE IF EXISTS `fir_master`;
/*!40101 SET @saved_cs_client     = @@character_set_client */;
/*!50503 SET character_set_client = utf8mb4 */;
CREATE TABLE `fir_master` (
  `fir_id` int NOT NULL AUTO_INCREMENT,
  `fir_number` varchar(30) NOT NULL,
  `station_code` varchar(20) NOT NULL,
  `date_filed` date NOT NULL,
  `time_filed` time NOT NULL,
  `case_type` enum('theft','robbery','assault','murder','fraud','cybercrime','missing_person','vehicle_theft','drug_offense','domestic_violence','other') NOT NULL,
  `incident_date` date DEFAULT NULL,
  `incident_time` time DEFAULT NULL,
  `incident_location` varchar(200) DEFAULT NULL,
  `incident_lat` decimal(10,8) DEFAULT NULL,
  `incident_lng` decimal(11,8) DEFAULT NULL,
  `description` text,
  `status` enum('open','under_investigation','closed','chargesheeted') DEFAULT 'open',
  `investigating_officer_id` int DEFAULT NULL,
  `created_at` timestamp NULL DEFAULT CURRENT_TIMESTAMP,
  `updated_at` timestamp NULL DEFAULT CURRENT_TIMESTAMP ON UPDATE CURRENT_TIMESTAMP,
  PRIMARY KEY (`fir_id`),
  UNIQUE KEY `fir_number` (`fir_number`),
  KEY `investigating_officer_id` (`investigating_officer_id`),
  KEY `idx_fir_case_type` (`case_type`),
  KEY `idx_fir_status` (`status`),
  KEY `idx_fir_date` (`date_filed`),
  CONSTRAINT `fir_master_ibfk_1` FOREIGN KEY (`investigating_officer_id`) REFERENCES `officers` (`officer_id`)
) ENGINE=InnoDB AUTO_INCREMENT=221 DEFAULT CHARSET=utf8mb4 COLLATE=utf8mb4_0900_ai_ci;
/*!40101 SET character_set_client = @saved_cs_client */;

--
-- Dumping data for table `fir_master`
--

LOCK TABLES `fir_master` WRITE;
/*!40000 ALTER TABLE `fir_master` DISABLE KEYS */;
INSERT INTO `fir_master` VALUES (1,'FIR/2023/HEB/0001','STN-KSP-BLR-01','2023-02-12','22:41:44','theft','2023-02-09','07:28:37','Hebbal, Bengaluru',13.03368191,77.60069300,'Complaint filed regarding theft of valuable personal assets from residential premises in Hebbal.','under_investigation',3,'2026-06-13 10:46:17','2026-06-13 10:46:17'),(2,'FIR/2024/JPN/0001','STN-KSP-BLR-01','2024-05-15','10:17:09','theft','2024-05-14','10:06:05','JP Nagar, Bengaluru',12.90509927,77.58428979,'Complaint filed regarding theft of valuable personal assets from residential premises in JP Nagar.','open',5,'2026-06-13 10:46:17','2026-06-13 10:46:17'),(3,'FIR/2022/HSR/0001','STN-KSP-BLR-01','2022-03-30','23:29:34','theft','2022-03-30','12:05:35','HSR Layout, Bengaluru',12.90823178,77.64628640,'Complaint filed regarding theft of valuable personal assets from residential premises in HSR Layout.','closed',6,'2026-06-13 10:46:17','2026-06-13 10:46:17'),(4,'FIR/2023/RAJ/0001','STN-KSP-BLR-01','2023-01-29','22:04:02','theft','2023-01-28','09:05:54','Rajajinagar, Bengaluru',12.98552791,77.55081001,'Complaint filed regarding theft of valuable personal assets from residential premises in Rajajinagar.','open',6,'2026-06-13 10:46:17','2026-06-13 10:46:17'),(5,'FIR/2024/JAY/0001','STN-KSP-BLR-01','2024-01-29','11:13:42','theft','2024-01-27','22:59:43','Jayanagar, Bengaluru',12.93228035,77.58489131,'Complaint filed regarding theft of valuable personal assets from residential premises in Jayanagar.','open',4,'2026-06-13 10:46:17','2026-06-13 10:46:17'),(6,'FIR/2024/JAY/0002','STN-KSP-BLR-01','2024-08-04','12:17:59','theft','2024-08-03','21:20:53','Jayanagar, Bengaluru',12.93348314,77.57935938,'Complaint filed regarding theft of valuable personal assets from residential premises in Jayanagar.','under_investigation',6,'2026-06-13 10:46:17','2026-06-13 10:46:17'),(7,'FIR/2023/WHI/0001','STN-KSP-BLR-01','2023-07-03','02:13:58','theft','2023-07-01','06:41:31','Whitefield, Bengaluru',12.96875632,77.75414548,'Complaint filed regarding theft of valuable personal assets from residential premises in Whitefield.','open',5,'2026-06-13 10:46:17','2026-06-13 10:46:17'),(8,'FIR/2023/JAY/0001','STN-KSP-BLR-01','2023-05-21','23:35:34','theft','2023-05-19','23:37:27','Jayanagar, Bengaluru',12.93477823,77.58279401,'Complaint filed regarding theft of valuable personal assets from residential premises in Jayanagar.','open',3,'2026-06-13 10:46:17','2026-06-13 10:46:17'),(9,'FIR/2024/HEB/0001','STN-KSP-BLR-01','2024-10-07','02:48:03','theft','2024-10-07','04:40:10','Hebbal, Bengaluru',13.03882079,77.59622160,'Complaint filed regarding theft of valuable personal assets from residential premises in Hebbal.','open',7,'2026-06-13 10:46:17','2026-06-13 10:46:17'),(10,'FIR/2024/RAJ/0001','STN-KSP-BLR-01','2024-08-16','16:16:35','theft','2024-08-16','21:46:07','Rajajinagar, Bengaluru',12.99001710,77.55516970,'Complaint filed regarding theft of valuable personal assets from residential premises in Rajajinagar.','open',6,'2026-06-13 10:46:17','2026-06-13 10:46:17'),(11,'FIR/2023/IND/0001','STN-KSP-BLR-01','2023-08-25','13:10:29','theft','2023-08-25','23:56:46','Indiranagar, Bengaluru',12.96953389,77.64120586,'Complaint filed regarding theft of valuable personal assets from residential premises in Indiranagar.','open',2,'2026-06-13 10:46:17','2026-06-13 10:46:17'),(12,'FIR/2023/MAR/0001','STN-KSP-BLR-01','2023-09-04','20:32:38','theft','2023-09-03','04:23:48','Marathahalli, Bengaluru',12.95281549,77.70123500,'Complaint filed regarding theft of valuable personal assets from residential premises in Marathahalli.','closed',1,'2026-06-13 10:46:17','2026-06-13 10:46:17'),(13,'FIR/2023/RAJ/0002','STN-KSP-BLR-01','2023-10-26','15:01:07','theft','2023-10-24','09:15:03','Rajajinagar, Bengaluru',12.98560872,77.55547357,'Complaint filed regarding theft of valuable personal assets from residential premises in Rajajinagar.','open',8,'2026-06-13 10:46:17','2026-06-13 10:46:17'),(14,'FIR/2022/MAR/0001','STN-KSP-BLR-01','2022-05-22','17:49:08','theft','2022-05-21','21:30:35','Marathahalli, Bengaluru',12.95285127,77.69697674,'Complaint filed regarding theft of valuable personal assets from residential premises in Marathahalli.','under_investigation',4,'2026-06-13 10:46:17','2026-06-13 10:46:17'),(15,'FIR/2025/YEL/0001','STN-KSP-BLR-01','2025-01-09','23:44:12','theft','2025-01-07','12:42:41','Yelahanka, Bengaluru',13.09943421,77.60029614,'Complaint filed regarding theft of valuable personal assets from residential premises in Yelahanka.','open',4,'2026-06-13 10:46:17','2026-06-13 10:46:17'),(16,'FIR/2022/SHI/0001','STN-KSP-BLR-01','2022-05-12','10:01:37','theft','2022-05-11','18:14:00','Shivajinagar, Bengaluru',12.98140993,77.59841103,'Complaint filed regarding theft of valuable personal assets from residential premises in Shivajinagar.','open',1,'2026-06-13 10:46:17','2026-06-13 10:46:17'),(17,'FIR/2023/MAR/0002','STN-KSP-BLR-01','2023-11-08','02:32:15','theft','2023-11-06','21:31:13','Marathahalli, Bengaluru',12.95659234,77.69893353,'Complaint filed regarding theft of valuable personal assets from residential premises in Marathahalli.','closed',10,'2026-06-13 10:46:17','2026-06-13 10:46:17'),(18,'FIR/2023/ECE/0001','STN-KSP-BLR-01','2023-05-13','15:51:26','theft','2023-05-12','03:06:42','Electronic City, Bengaluru',12.84451051,77.65943579,'Complaint filed regarding theft of valuable personal assets from residential premises in Electronic City.','open',1,'2026-06-13 10:46:17','2026-06-13 10:46:17'),(19,'FIR/2022/BTM/0001','STN-KSP-BLR-01','2022-07-21','01:25:46','theft','2022-07-19','03:15:12','BTM Layout, Bengaluru',12.91350209,77.60958614,'Complaint filed regarding theft of valuable personal assets from residential premises in BTM Layout.','open',5,'2026-06-13 10:46:17','2026-06-13 10:46:17'),(20,'FIR/2023/ECE/0002','STN-KSP-BLR-01','2023-05-27','02:28:51','theft','2023-05-27','01:41:34','Electronic City, Bengaluru',12.84856028,77.66488996,'Complaint filed regarding theft of valuable personal assets from residential premises in Electronic City.','closed',4,'2026-06-13 10:46:17','2026-06-13 10:46:17'),(21,'FIR/2024/JAY/0003','STN-KSP-BLR-01','2024-04-12','15:30:13','theft','2024-04-09','01:10:24','Jayanagar, Bengaluru',12.92582155,77.58270422,'Complaint filed regarding theft of valuable personal assets from residential premises in Jayanagar.','closed',8,'2026-06-13 10:46:17','2026-06-13 10:46:17'),(22,'FIR/2024/YES/0001','STN-KSP-BLR-01','2024-05-16','22:46:50','theft','2024-05-13','04:12:18','Yeshwanthpur, Bengaluru',13.02417701,77.53648483,'Complaint filed regarding theft of valuable personal assets from residential premises in Yeshwanthpur.','under_investigation',1,'2026-06-13 10:46:17','2026-06-13 10:46:17'),(23,'FIR/2023/JPN/0001','STN-KSP-BLR-01','2023-10-05','01:03:37','theft','2023-10-02','16:58:54','JP Nagar, Bengaluru',12.90661126,77.58126880,'Complaint filed regarding theft of valuable personal assets from residential premises in JP Nagar.','open',3,'2026-06-13 10:46:17','2026-06-13 10:46:17'),(24,'FIR/2025/IND/0001','STN-KSP-BLR-01','2025-05-03','02:43:55','theft','2025-05-02','12:07:56','Indiranagar, Bengaluru',12.97259675,77.64198919,'Complaint filed regarding theft of valuable personal assets from residential premises in Indiranagar.','open',2,'2026-06-13 10:46:17','2026-06-13 10:46:17'),(25,'FIR/2025/WHI/0001','STN-KSP-BLR-01','2025-04-10','18:33:20','theft','2025-04-08','06:42:45','Whitefield, Bengaluru',12.96794184,77.74765615,'Complaint filed regarding theft of valuable personal assets from residential premises in Whitefield.','open',5,'2026-06-13 10:46:17','2026-06-13 10:46:17'),(26,'FIR/2023/ECE/0003','STN-KSP-BLR-01','2023-10-10','02:00:29','theft','2023-10-10','02:34:13','Electronic City, Bengaluru',12.84525885,77.65652457,'Complaint filed regarding theft of valuable personal assets from residential premises in Electronic City.','open',2,'2026-06-13 10:46:17','2026-06-13 10:46:17'),(27,'FIR/2023/YEL/0001','STN-KSP-BLR-01','2023-05-16','11:18:10','theft','2023-05-13','17:45:19','Yelahanka, Bengaluru',13.10181678,77.60117233,'Complaint filed regarding theft of valuable personal assets from residential premises in Yelahanka.','under_investigation',1,'2026-06-13 10:46:18','2026-06-13 10:46:18'),(28,'FIR/2025/BTM/0001','STN-KSP-BLR-01','2025-02-09','09:59:42','theft','2025-02-09','04:16:07','BTM Layout, Bengaluru',12.92049713,77.61252417,'Complaint filed regarding theft of valuable personal assets from residential premises in BTM Layout.','open',5,'2026-06-13 10:46:18','2026-06-13 10:46:18'),(29,'FIR/2023/RAJ/0003','STN-KSP-BLR-01','2023-03-08','22:21:13','theft','2023-03-06','16:31:16','Rajajinagar, Bengaluru',12.99225336,77.55826104,'Complaint filed regarding theft of valuable personal assets from residential premises in Rajajinagar.','open',7,'2026-06-13 10:46:18','2026-06-13 10:46:18'),(30,'FIR/2023/MAR/0003','STN-KSP-BLR-01','2023-07-21','01:00:21','theft','2023-07-20','20:16:10','Marathahalli, Bengaluru',12.95861231,77.69721680,'Complaint filed regarding theft of valuable personal assets from residential premises in Marathahalli.','open',1,'2026-06-13 10:46:18','2026-06-13 10:46:18'),(31,'FIR/2022/IND/0001','STN-KSP-BLR-01','2022-06-04','22:57:09','theft','2022-06-04','11:37:35','Indiranagar, Bengaluru',12.96838094,77.63747446,'Complaint filed regarding theft of valuable personal assets from residential premises in Indiranagar.','open',1,'2026-06-13 10:46:18','2026-06-13 10:46:18'),(32,'FIR/2024/YEL/0001','STN-KSP-BLR-01','2024-01-03','06:43:15','theft','2024-01-03','11:49:35','Yelahanka, Bengaluru',13.10454135,77.59536377,'Complaint filed regarding theft of valuable personal assets from residential premises in Yelahanka.','under_investigation',3,'2026-06-13 10:46:18','2026-06-13 10:46:18'),(33,'FIR/2023/YEL/0002','STN-KSP-BLR-01','2023-04-30','05:51:51','theft','2023-04-29','13:01:11','Yelahanka, Bengaluru',13.10306564,77.59462185,'Complaint filed regarding theft of valuable personal assets from residential premises in Yelahanka.','closed',4,'2026-06-13 10:46:18','2026-06-13 10:46:18'),(34,'FIR/2022/YES/0001','STN-KSP-BLR-01','2022-11-23','22:06:24','theft','2022-11-23','15:14:12','Yeshwanthpur, Bengaluru',13.03016587,77.54050303,'Complaint filed regarding theft of valuable personal assets from residential premises in Yeshwanthpur.','open',4,'2026-06-13 10:46:18','2026-06-13 10:46:18'),(35,'FIR/2022/SHI/0002','STN-KSP-BLR-01','2022-02-18','21:12:25','theft','2022-02-16','08:55:04','Shivajinagar, Bengaluru',12.99036889,77.59489125,'Complaint filed regarding theft of valuable personal assets from residential premises in Shivajinagar.','under_investigation',7,'2026-06-13 10:46:18','2026-06-13 10:46:18'),(36,'FIR/2025/BTM/0002','STN-KSP-BLR-01','2025-01-03','10:01:07','theft','2025-01-01','05:37:16','BTM Layout, Bengaluru',12.91198257,77.61106571,'Complaint filed regarding theft of valuable personal assets from residential premises in BTM Layout.','open',6,'2026-06-13 10:46:18','2026-06-13 10:46:18'),(37,'FIR/2025/WHI/0002','STN-KSP-BLR-01','2025-05-26','16:07:24','theft','2025-05-25','08:02:45','Whitefield, Bengaluru',12.96916058,77.75019920,'Complaint filed regarding theft of valuable personal assets from residential premises in Whitefield.','under_investigation',4,'2026-06-13 10:46:18','2026-06-13 10:46:18'),(38,'FIR/2024/MAL/0001','STN-KSP-BLR-01','2024-06-02','02:42:58','theft','2024-05-31','19:20:42','Malleshwaram, Bengaluru',13.00658015,77.57179754,'Complaint filed regarding theft of valuable personal assets from residential premises in Malleshwaram.','open',5,'2026-06-13 10:46:18','2026-06-13 10:46:18'),(39,'FIR/2024/BTM/0001','STN-KSP-BLR-01','2024-04-16','10:25:44','theft','2024-04-14','17:08:12','BTM Layout, Bengaluru',12.91580446,77.61450364,'Complaint filed regarding theft of valuable personal assets from residential premises in BTM Layout.','under_investigation',3,'2026-06-13 10:46:18','2026-06-13 10:46:18'),(40,'FIR/2025/RAJ/0001','STN-KSP-BLR-01','2025-03-11','09:25:35','theft','2025-03-11','09:18:13','Rajajinagar, Bengaluru',12.98749888,77.55559985,'Complaint filed regarding theft of valuable personal assets from residential premises in Rajajinagar.','under_investigation',8,'2026-06-13 10:46:18','2026-06-13 10:46:18'),(41,'FIR/2024/ECE/0001','STN-KSP-BLR-01','2024-06-24','21:13:32','theft','2024-06-21','23:10:42','Electronic City, Bengaluru',12.84104796,77.66035452,'Complaint filed regarding theft of valuable personal assets from residential premises in Electronic City.','under_investigation',6,'2026-06-13 10:46:18','2026-06-13 10:46:18'),(42,'FIR/2023/IND/0002','STN-KSP-BLR-01','2023-04-27','21:19:14','theft','2023-04-26','04:01:02','Indiranagar, Bengaluru',12.96934843,77.64095136,'Complaint filed regarding theft of valuable personal assets from residential premises in Indiranagar.','under_investigation',2,'2026-06-13 10:46:18','2026-06-13 10:46:18'),(43,'FIR/2024/ECE/0002','STN-KSP-BLR-01','2024-04-28','20:36:12','theft','2024-04-25','15:25:15','Electronic City, Bengaluru',12.84167571,77.66207622,'Complaint filed regarding theft of valuable personal assets from residential premises in Electronic City.','closed',2,'2026-06-13 10:46:18','2026-06-13 10:46:18'),(44,'FIR/2024/HSR/0001','STN-KSP-BLR-01','2024-05-20','07:11:51','theft','2024-05-17','01:35:15','HSR Layout, Bengaluru',12.91447470,77.64121359,'Complaint filed regarding theft of valuable personal assets from residential premises in HSR Layout.','open',8,'2026-06-13 10:46:18','2026-06-13 10:46:18'),(45,'FIR/2024/BTM/0002','STN-KSP-BLR-01','2024-12-23','17:38:20','theft','2024-12-20','19:52:46','BTM Layout, Bengaluru',12.92052020,77.60936741,'Complaint filed regarding theft of valuable personal assets from residential premises in BTM Layout.','closed',8,'2026-06-13 10:46:18','2026-06-13 10:46:18'),(46,'FIR/2022/YEL/0001','STN-KSP-BLR-01','2022-11-22','23:55:30','theft','2022-11-19','08:48:15','Yelahanka, Bengaluru',13.10409863,77.59407311,'Complaint filed regarding theft of valuable personal assets from residential premises in Yelahanka.','under_investigation',8,'2026-06-13 10:46:18','2026-06-13 10:46:18'),(47,'FIR/2023/BTM/0001','STN-KSP-BLR-01','2023-05-05','08:28:04','theft','2023-05-03','07:17:21','BTM Layout, Bengaluru',12.91479710,77.61050152,'Complaint filed regarding theft of valuable personal assets from residential premises in BTM Layout.','open',4,'2026-06-13 10:46:18','2026-06-13 10:46:18'),(48,'FIR/2022/WHI/0001','STN-KSP-BLR-01','2022-11-09','22:13:04','theft','2022-11-06','13:21:34','Whitefield, Bengaluru',12.96945924,77.74562266,'Complaint filed regarding theft of valuable personal assets from residential premises in Whitefield.','under_investigation',7,'2026-06-13 10:46:18','2026-06-13 10:46:18'),(49,'FIR/2025/YEL/0002','STN-KSP-BLR-01','2025-04-11','22:01:54','theft','2025-04-08','15:00:22','Yelahanka, Bengaluru',13.09868613,77.59519987,'Complaint filed regarding theft of valuable personal assets from residential premises in Yelahanka.','closed',7,'2026-06-13 10:46:18','2026-06-13 10:46:18'),(50,'FIR/2025/HEB/0001','STN-KSP-BLR-01','2025-01-23','19:57:14','theft','2025-01-20','07:17:27','Hebbal, Bengaluru',13.03575642,77.59588857,'Complaint filed regarding theft of valuable personal assets from residential premises in Hebbal.','under_investigation',7,'2026-06-13 10:46:18','2026-06-13 10:46:18'),(51,'FIR/2022/JPN/0001','STN-KSP-BLR-01','2022-12-05','14:58:08','assault','2022-12-05','12:37:36','JP Nagar, Bengaluru',12.90793000,77.58153947,'Incident of physical assault reported following a verbal dispute between neighbors in JP Nagar.','open',8,'2026-06-13 10:46:18','2026-06-13 10:46:18'),(52,'FIR/2022/JAY/0001','STN-KSP-BLR-01','2022-04-13','08:24:20','assault','2022-04-12','14:20:21','Jayanagar, Bengaluru',12.93341230,77.58259126,'Incident of physical assault reported following a verbal dispute between neighbors in Jayanagar.','under_investigation',7,'2026-06-13 10:46:18','2026-06-13 10:46:18'),(53,'FIR/2022/YES/0002','STN-KSP-BLR-01','2022-06-17','15:01:47','assault','2022-06-17','11:14:41','Yeshwanthpur, Bengaluru',13.02268618,77.54547286,'Incident of physical assault reported following a verbal dispute between neighbors in Yeshwanthpur.','open',1,'2026-06-13 10:46:18','2026-06-13 10:46:18'),(54,'FIR/2023/SHI/0001','STN-KSP-BLR-01','2023-02-13','00:39:09','assault','2023-02-12','04:30:42','Shivajinagar, Bengaluru',12.98184389,77.60157757,'Incident of physical assault reported following a verbal dispute between neighbors in Shivajinagar.','open',5,'2026-06-13 10:46:18','2026-06-13 10:46:18'),(55,'FIR/2024/HSR/0002','STN-KSP-BLR-01','2024-01-26','05:38:38','assault','2024-01-26','05:19:06','HSR Layout, Bengaluru',12.91108685,77.64928887,'Incident of physical assault reported following a verbal dispute between neighbors in HSR Layout.','open',7,'2026-06-13 10:46:18','2026-06-13 10:46:18'),(56,'FIR/2023/WHI/0002','STN-KSP-BLR-01','2023-02-11','02:37:44','assault','2023-02-10','03:44:49','Whitefield, Bengaluru',12.96781583,77.75184259,'Incident of physical assault reported following a verbal dispute between neighbors in Whitefield.','under_investigation',10,'2026-06-13 10:46:18','2026-06-13 10:46:18'),(57,'FIR/2022/HSR/0002','STN-KSP-BLR-01','2022-03-26','11:34:27','assault','2022-03-24','02:32:41','HSR Layout, Bengaluru',12.90871231,77.64849576,'Incident of physical assault reported following a verbal dispute between neighbors in HSR Layout.','under_investigation',2,'2026-06-13 10:46:18','2026-06-13 10:46:18'),(58,'FIR/2024/WHI/0001','STN-KSP-BLR-01','2024-01-12','20:57:53','assault','2024-01-09','22:09:27','Whitefield, Bengaluru',12.96656137,77.75021747,'Incident of physical assault reported following a verbal dispute between neighbors in Whitefield.','under_investigation',10,'2026-06-13 10:46:18','2026-06-13 10:46:18'),(59,'FIR/2025/HSR/0001','STN-KSP-BLR-01','2025-01-07','15:29:27','assault','2025-01-05','10:54:15','HSR Layout, Bengaluru',12.91360731,77.64086663,'Incident of physical assault reported following a verbal dispute between neighbors in HSR Layout.','closed',4,'2026-06-13 10:46:18','2026-06-13 10:46:18'),(60,'FIR/2024/HSR/0003','STN-KSP-BLR-01','2024-08-09','18:39:42','assault','2024-08-06','10:01:31','HSR Layout, Bengaluru',12.91380953,77.64181840,'Incident of physical assault reported following a verbal dispute between neighbors in HSR Layout.','open',5,'2026-06-13 10:46:18','2026-06-13 10:46:18'),(61,'FIR/2023/MAL/0001','STN-KSP-BLR-01','2023-07-27','19:44:56','assault','2023-07-25','17:00:33','Malleshwaram, Bengaluru',13.00758063,77.56545613,'Incident of physical assault reported following a verbal dispute between neighbors in Malleshwaram.','under_investigation',8,'2026-06-13 10:46:18','2026-06-13 10:46:18'),(62,'FIR/2023/HEB/0002','STN-KSP-BLR-01','2023-05-08','22:30:41','assault','2023-05-05','14:50:01','Hebbal, Bengaluru',13.03183053,77.59421596,'Incident of physical assault reported following a verbal dispute between neighbors in Hebbal.','under_investigation',5,'2026-06-13 10:46:18','2026-06-13 10:46:18'),(63,'FIR/2025/BTM/0003','STN-KSP-BLR-01','2025-04-06','11:30:35','assault','2025-04-04','13:47:35','BTM Layout, Bengaluru',12.91490791,77.61212855,'Incident of physical assault reported following a verbal dispute between neighbors in BTM Layout.','open',5,'2026-06-13 10:46:18','2026-06-13 10:46:18'),(64,'FIR/2022/SHI/0003','STN-KSP-BLR-01','2022-09-05','23:12:20','assault','2022-09-05','23:34:48','Shivajinagar, Bengaluru',12.98760164,77.59401541,'Incident of physical assault reported following a verbal dispute between neighbors in Shivajinagar.','under_investigation',5,'2026-06-13 10:46:18','2026-06-13 10:46:18'),(65,'FIR/2025/JPN/0001','STN-KSP-BLR-01','2025-04-22','16:38:18','assault','2025-04-22','06:18:14','JP Nagar, Bengaluru',12.90490881,77.58372268,'Incident of physical assault reported following a verbal dispute between neighbors in JP Nagar.','under_investigation',3,'2026-06-13 10:46:18','2026-06-13 10:46:18'),(66,'FIR/2022/YES/0003','STN-KSP-BLR-01','2022-04-04','01:35:18','assault','2022-04-03','20:55:48','Yeshwanthpur, Bengaluru',13.02690879,77.54462720,'Incident of physical assault reported following a verbal dispute between neighbors in Yeshwanthpur.','open',8,'2026-06-13 10:46:18','2026-06-13 10:46:18'),(67,'FIR/2024/ECE/0003','STN-KSP-BLR-01','2024-06-21','10:11:03','assault','2024-06-19','15:07:52','Electronic City, Bengaluru',12.84085343,77.66011747,'Incident of physical assault reported following a verbal dispute between neighbors in Electronic City.','open',1,'2026-06-13 10:46:18','2026-06-13 10:46:18'),(68,'FIR/2022/JAY/0002','STN-KSP-BLR-01','2022-11-02','18:19:05','assault','2022-11-01','03:35:48','Jayanagar, Bengaluru',12.92996174,77.58476127,'Incident of physical assault reported following a verbal dispute between neighbors in Jayanagar.','under_investigation',9,'2026-06-13 10:46:18','2026-06-13 10:46:18'),(69,'FIR/2024/WHI/0002','STN-KSP-BLR-01','2024-07-11','14:19:55','assault','2024-07-08','09:36:39','Whitefield, Bengaluru',12.96540230,77.75460109,'Incident of physical assault reported following a verbal dispute between neighbors in Whitefield.','open',4,'2026-06-13 10:46:18','2026-06-13 10:46:18'),(70,'FIR/2023/BTM/0002','STN-KSP-BLR-01','2023-03-09','08:42:05','assault','2023-03-08','07:11:35','BTM Layout, Bengaluru',12.91235065,77.60512676,'Incident of physical assault reported following a verbal dispute between neighbors in BTM Layout.','open',10,'2026-06-13 10:46:18','2026-06-13 10:46:18'),(71,'FIR/2023/ECE/0004','STN-KSP-BLR-01','2023-08-20','01:14:18','assault','2023-08-18','22:55:29','Electronic City, Bengaluru',12.84091180,77.65753424,'Incident of physical assault reported following a verbal dispute between neighbors in Electronic City.','open',10,'2026-06-13 10:46:18','2026-06-13 10:46:18'),(72,'FIR/2023/BTM/0003','STN-KSP-BLR-01','2023-02-10','13:07:34','assault','2023-02-09','20:09:58','BTM Layout, Bengaluru',12.91425632,77.60652236,'Incident of physical assault reported following a verbal dispute between neighbors in BTM Layout.','open',5,'2026-06-13 10:46:18','2026-06-13 10:46:18'),(73,'FIR/2025/RAJ/0002','STN-KSP-BLR-01','2025-03-11','09:28:07','assault','2025-03-08','22:19:44','Rajajinagar, Bengaluru',12.98722509,77.55252246,'Incident of physical assault reported following a verbal dispute between neighbors in Rajajinagar.','open',8,'2026-06-13 10:46:18','2026-06-13 10:46:18'),(74,'FIR/2025/IND/0002','STN-KSP-BLR-01','2025-05-09','01:56:27','assault','2025-05-07','19:16:01','Indiranagar, Bengaluru',12.96781327,77.64581911,'Incident of physical assault reported following a verbal dispute between neighbors in Indiranagar.','under_investigation',10,'2026-06-13 10:46:18','2026-06-13 10:46:18'),(75,'FIR/2022/RAJ/0001','STN-KSP-BLR-01','2022-02-12','21:52:17','assault','2022-02-12','05:30:33','Rajajinagar, Bengaluru',12.98971509,77.55896073,'Incident of physical assault reported following a verbal dispute between neighbors in Rajajinagar.','open',10,'2026-06-13 10:46:18','2026-06-13 10:46:18'),(76,'FIR/2024/WHI/0003','STN-KSP-BLR-01','2024-10-04','02:30:22','assault','2024-10-01','10:20:42','Whitefield, Bengaluru',12.96584600,77.74660825,'Incident of physical assault reported following a verbal dispute between neighbors in Whitefield.','open',8,'2026-06-13 10:46:18','2026-06-13 10:46:18'),(77,'FIR/2024/YES/0002','STN-KSP-BLR-01','2024-03-31','17:02:29','assault','2024-03-31','10:16:20','Yeshwanthpur, Bengaluru',13.02315922,77.54362548,'Incident of physical assault reported following a verbal dispute between neighbors in Yeshwanthpur.','closed',1,'2026-06-13 10:46:18','2026-06-13 10:46:18'),(78,'FIR/2025/BTM/0004','STN-KSP-BLR-01','2025-01-16','14:26:03','assault','2025-01-15','16:23:39','BTM Layout, Bengaluru',12.91916443,77.61135409,'Incident of physical assault reported following a verbal dispute between neighbors in BTM Layout.','under_investigation',4,'2026-06-13 10:46:18','2026-06-13 10:46:18'),(79,'FIR/2025/YES/0001','STN-KSP-BLR-01','2025-01-29','04:59:18','assault','2025-01-26','22:31:07','Yeshwanthpur, Bengaluru',13.02228869,77.54220022,'Incident of physical assault reported following a verbal dispute between neighbors in Yeshwanthpur.','under_investigation',3,'2026-06-13 10:46:18','2026-06-13 10:46:18'),(80,'FIR/2025/YES/0002','STN-KSP-BLR-01','2025-02-02','00:35:26','assault','2025-02-02','07:53:58','Yeshwanthpur, Bengaluru',13.02313461,77.54537061,'Incident of physical assault reported following a verbal dispute between neighbors in Yeshwanthpur.','under_investigation',3,'2026-06-13 10:46:18','2026-06-13 10:46:18'),(81,'FIR/2023/ECE/0005','STN-KSP-BLR-01','2023-08-21','16:45:17','assault','2023-08-18','15:30:15','Electronic City, Bengaluru',12.84476786,77.65664642,'Incident of physical assault reported following a verbal dispute between neighbors in Electronic City.','open',10,'2026-06-13 10:46:18','2026-06-13 10:46:18'),(82,'FIR/2022/HEB/0001','STN-KSP-BLR-01','2022-10-07','02:17:49','assault','2022-10-04','10:59:50','Hebbal, Bengaluru',13.03597738,77.60020549,'Incident of physical assault reported following a verbal dispute between neighbors in Hebbal.','open',5,'2026-06-13 10:46:18','2026-06-13 10:46:18'),(83,'FIR/2025/MAR/0001','STN-KSP-BLR-01','2025-04-17','18:42:31','assault','2025-04-16','14:34:30','Marathahalli, Bengaluru',12.95465124,77.69721917,'Incident of physical assault reported following a verbal dispute between neighbors in Marathahalli.','open',8,'2026-06-13 10:46:18','2026-06-13 10:46:18'),(84,'FIR/2023/YEL/0003','STN-KSP-BLR-01','2023-10-22','06:44:15','assault','2023-10-19','07:54:49','Yelahanka, Bengaluru',13.09980775,77.59448176,'Incident of physical assault reported following a verbal dispute between neighbors in Yelahanka.','open',7,'2026-06-13 10:46:18','2026-06-13 10:46:18'),(85,'FIR/2022/WHI/0002','STN-KSP-BLR-01','2022-11-08','15:02:08','assault','2022-11-06','03:55:54','Whitefield, Bengaluru',12.96920306,77.75025951,'Incident of physical assault reported following a verbal dispute between neighbors in Whitefield.','open',3,'2026-06-13 10:46:18','2026-06-13 10:46:18'),(86,'FIR/2022/WHI/0003','STN-KSP-BLR-01','2022-11-13','02:30:50','vehicle_theft','2022-11-11','10:39:44','Whitefield, Bengaluru',12.96877483,77.74580315,'Theft of two-wheeler parked in front of owner\'s residence in Whitefield.','open',9,'2026-06-13 10:46:18','2026-06-13 10:46:18'),(87,'FIR/2023/WHI/0003','STN-KSP-BLR-01','2023-10-11','20:45:56','vehicle_theft','2023-10-08','17:02:39','Whitefield, Bengaluru',12.96548421,77.75131161,'Theft of two-wheeler parked in front of owner\'s residence in Whitefield.','closed',4,'2026-06-13 10:46:18','2026-06-13 10:46:18'),(88,'FIR/2022/JPN/0002','STN-KSP-BLR-01','2022-07-05','13:06:48','vehicle_theft','2022-07-05','14:10:44','JP Nagar, Bengaluru',12.90429466,77.58098947,'Theft of two-wheeler parked in front of owner\'s residence in JP Nagar.','open',1,'2026-06-13 10:46:18','2026-06-13 10:46:18'),(89,'FIR/2024/YES/0003','STN-KSP-BLR-01','2024-01-05','11:27:09','vehicle_theft','2024-01-04','16:26:36','Yeshwanthpur, Bengaluru',13.02881800,77.53770057,'Theft of two-wheeler parked in front of owner\'s residence in Yeshwanthpur.','open',10,'2026-06-13 10:46:18','2026-06-13 10:46:18'),(90,'FIR/2024/MAR/0001','STN-KSP-BLR-01','2024-02-23','19:43:15','vehicle_theft','2024-02-20','18:09:14','Marathahalli, Bengaluru',12.95581150,77.69423977,'Theft of two-wheeler parked in front of owner\'s residence in Marathahalli.','open',1,'2026-06-13 10:46:18','2026-06-13 10:46:18'),(91,'FIR/2024/YEL/0002','STN-KSP-BLR-01','2024-08-10','09:43:34','vehicle_theft','2024-08-09','02:28:22','Yelahanka, Bengaluru',13.10557652,77.59429154,'Theft of two-wheeler parked in front of owner\'s residence in Yelahanka.','chargesheeted',5,'2026-06-13 10:46:18','2026-06-13 10:46:18'),(92,'FIR/2023/ECE/0006','STN-KSP-BLR-01','2023-09-11','06:24:54','vehicle_theft','2023-09-08','03:15:24','Electronic City, Bengaluru',12.84591923,77.66094812,'Theft of two-wheeler parked in front of owner\'s residence in Electronic City.','chargesheeted',5,'2026-06-13 10:46:18','2026-06-13 10:46:18'),(93,'FIR/2024/KOR/0001','STN-KSP-BLR-01','2024-03-21','08:00:36','vehicle_theft','2024-03-21','19:47:31','Koramangala, Bengaluru',12.93852839,77.62842935,'Theft of two-wheeler parked in front of owner\'s residence in Koramangala.','under_investigation',4,'2026-06-13 10:46:18','2026-06-13 10:46:18'),(94,'FIR/2023/RAJ/0004','STN-KSP-BLR-01','2023-12-23','07:40:12','vehicle_theft','2023-12-21','21:48:46','Rajajinagar, Bengaluru',12.99087471,77.55660855,'Theft of two-wheeler parked in front of owner\'s residence in Rajajinagar.','open',2,'2026-06-13 10:46:18','2026-06-13 10:46:18'),(95,'FIR/2022/YEL/0002','STN-KSP-BLR-01','2022-03-22','09:50:28','vehicle_theft','2022-03-22','18:23:46','Yelahanka, Bengaluru',13.09701412,77.60039628,'Theft of two-wheeler parked in front of owner\'s residence in Yelahanka.','open',7,'2026-06-13 10:46:18','2026-06-13 10:46:18'),(96,'FIR/2023/JAY/0002','STN-KSP-BLR-01','2023-02-16','04:50:34','vehicle_theft','2023-02-14','16:32:58','Jayanagar, Bengaluru',12.92852527,77.58044544,'Theft of two-wheeler parked in front of owner\'s residence in Jayanagar.','closed',8,'2026-06-13 10:46:18','2026-06-13 10:46:18'),(97,'FIR/2023/HSR/0001','STN-KSP-BLR-01','2023-08-28','23:55:21','vehicle_theft','2023-08-28','14:04:09','HSR Layout, Bengaluru',12.91284151,77.64225615,'Theft of two-wheeler parked in front of owner\'s residence in HSR Layout.','under_investigation',7,'2026-06-13 10:46:18','2026-06-13 10:46:18'),(98,'FIR/2025/MAR/0002','STN-KSP-BLR-01','2025-02-15','11:05:50','vehicle_theft','2025-02-12','00:16:34','Marathahalli, Bengaluru',12.95243589,77.69538586,'Theft of two-wheeler parked in front of owner\'s residence in Marathahalli.','under_investigation',5,'2026-06-13 10:46:18','2026-06-13 10:46:18'),(99,'FIR/2024/RAJ/0002','STN-KSP-BLR-01','2024-02-20','20:23:06','vehicle_theft','2024-02-19','15:01:39','Rajajinagar, Bengaluru',12.99204235,77.55541407,'Theft of two-wheeler parked in front of owner\'s residence in Rajajinagar.','closed',4,'2026-06-13 10:46:18','2026-06-13 10:46:18'),(100,'FIR/2022/BTM/0002','STN-KSP-BLR-01','2022-05-10','20:52:29','vehicle_theft','2022-05-08','20:26:07','BTM Layout, Bengaluru',12.91299777,77.61456262,'Theft of two-wheeler parked in front of owner\'s residence in BTM Layout.','open',8,'2026-06-13 10:46:18','2026-06-13 10:46:18'),(101,'FIR/2022/IND/0002','STN-KSP-BLR-01','2022-07-19','07:56:34','vehicle_theft','2022-07-18','12:29:23','Indiranagar, Bengaluru',12.97360486,77.64363140,'Theft of two-wheeler parked in front of owner\'s residence in Indiranagar.','closed',7,'2026-06-13 10:46:18','2026-06-13 10:46:18'),(102,'FIR/2022/RAJ/0002','STN-KSP-BLR-01','2022-11-13','13:41:06','vehicle_theft','2022-11-10','19:26:17','Rajajinagar, Bengaluru',12.98352716,77.55350530,'Theft of two-wheeler parked in front of owner\'s residence in Rajajinagar.','open',4,'2026-06-13 10:46:18','2026-06-13 10:46:18'),(103,'FIR/2024/MAR/0002','STN-KSP-BLR-01','2024-01-13','03:43:23','vehicle_theft','2024-01-11','01:25:17','Marathahalli, Bengaluru',12.95309809,77.69292160,'Theft of two-wheeler parked in front of owner\'s residence in Marathahalli.','under_investigation',8,'2026-06-13 10:46:18','2026-06-13 10:46:18'),(104,'FIR/2023/IND/0003','STN-KSP-BLR-01','2023-03-11','20:40:38','vehicle_theft','2023-03-11','01:50:21','Indiranagar, Bengaluru',12.96933569,77.63745924,'Theft of two-wheeler parked in front of owner\'s residence in Indiranagar.','open',2,'2026-06-13 10:46:18','2026-06-13 10:46:18'),(105,'FIR/2025/MAR/0003','STN-KSP-BLR-01','2025-02-09','06:37:13','vehicle_theft','2025-02-08','10:49:09','Marathahalli, Bengaluru',12.95908644,77.69765982,'Theft of two-wheeler parked in front of owner\'s residence in Marathahalli.','open',3,'2026-06-13 10:46:18','2026-06-13 10:46:18'),(106,'FIR/2025/JAY/0001','STN-KSP-BLR-01','2025-01-11','08:51:11','vehicle_theft','2025-01-11','21:55:01','Jayanagar, Bengaluru',12.92711803,77.58238242,'Theft of two-wheeler parked in front of owner\'s residence in Jayanagar.','under_investigation',10,'2026-06-13 10:46:18','2026-06-13 10:46:18'),(107,'FIR/2022/MAL/0001','STN-KSP-BLR-01','2022-02-02','05:16:03','vehicle_theft','2022-02-01','23:26:33','Malleshwaram, Bengaluru',12.99923649,77.56523558,'Theft of two-wheeler parked in front of owner\'s residence in Malleshwaram.','open',6,'2026-06-13 10:46:18','2026-06-13 10:46:18'),(108,'FIR/2025/HEB/0002','STN-KSP-BLR-01','2025-04-30','03:28:32','vehicle_theft','2025-04-29','19:02:46','Hebbal, Bengaluru',13.03873227,77.60066981,'Theft of two-wheeler parked in front of owner\'s residence in Hebbal.','open',8,'2026-06-13 10:46:18','2026-06-13 10:46:18'),(109,'FIR/2022/BTM/0003','STN-KSP-BLR-01','2022-03-05','01:30:54','vehicle_theft','2022-03-02','13:43:06','BTM Layout, Bengaluru',12.91650269,77.61419701,'Theft of two-wheeler parked in front of owner\'s residence in BTM Layout.','open',2,'2026-06-13 10:46:18','2026-06-13 10:46:18'),(110,'FIR/2025/MAL/0001','STN-KSP-BLR-01','2025-05-30','04:04:08','vehicle_theft','2025-05-28','19:40:37','Malleshwaram, Bengaluru',13.00358356,77.56785185,'Theft of two-wheeler parked in front of owner\'s residence in Malleshwaram.','chargesheeted',9,'2026-06-13 10:46:18','2026-06-13 10:46:18'),(111,'FIR/2024/YES/0004','STN-KSP-BLR-01','2024-07-18','16:38:27','vehicle_theft','2024-07-18','22:07:54','Yeshwanthpur, Bengaluru',13.02854713,77.54467706,'Theft of two-wheeler parked in front of owner\'s residence in Yeshwanthpur.','open',4,'2026-06-13 10:46:18','2026-06-13 10:46:18'),(112,'FIR/2024/WHI/0004','STN-KSP-BLR-01','2024-07-13','07:26:21','vehicle_theft','2024-07-10','12:26:46','Whitefield, Bengaluru',12.96575086,77.74926764,'Theft of two-wheeler parked in front of owner\'s residence in Whitefield.','under_investigation',6,'2026-06-13 10:46:18','2026-06-13 10:46:18'),(113,'FIR/2024/JAY/0004','STN-KSP-BLR-01','2024-08-29','02:05:53','vehicle_theft','2024-08-29','02:27:06','Jayanagar, Bengaluru',12.93324589,77.58252647,'Theft of two-wheeler parked in front of owner\'s residence in Jayanagar.','open',1,'2026-06-13 10:46:18','2026-06-13 10:46:18'),(114,'FIR/2025/RAJ/0003','STN-KSP-BLR-01','2025-02-24','17:21:42','vehicle_theft','2025-02-24','13:22:55','Rajajinagar, Bengaluru',12.98985341,77.55730284,'Theft of two-wheeler parked in front of owner\'s residence in Rajajinagar.','closed',1,'2026-06-13 10:46:18','2026-06-13 10:46:18'),(115,'FIR/2025/YES/0003','STN-KSP-BLR-01','2025-05-14','09:22:06','vehicle_theft','2025-05-13','04:42:30','Yeshwanthpur, Bengaluru',13.02424245,77.53698218,'Theft of two-wheeler parked in front of owner\'s residence in Yeshwanthpur.','under_investigation',6,'2026-06-13 10:46:18','2026-06-13 10:46:18'),(116,'FIR/2023/IND/0004','STN-KSP-BLR-01','2023-07-25','18:14:51','fraud','2023-07-22','17:49:52','Indiranagar, Bengaluru',12.97311724,77.64294977,'Victim was defrauded of money by suspects claiming to be bank officers, incident occurred in Indiranagar.','open',10,'2026-06-13 10:46:18','2026-06-13 10:46:18'),(117,'FIR/2023/YEL/0004','STN-KSP-BLR-01','2023-07-02','00:11:17','fraud','2023-06-30','10:22:00','Yelahanka, Bengaluru',13.09751406,77.59273251,'Victim was defrauded of money by suspects claiming to be bank officers, incident occurred in Yelahanka.','under_investigation',2,'2026-06-13 10:46:18','2026-06-13 10:46:18'),(118,'FIR/2022/JAY/0003','STN-KSP-BLR-01','2022-03-04','02:47:33','fraud','2022-03-03','12:26:29','Jayanagar, Bengaluru',12.92920896,77.58250053,'Victim was defrauded of money by suspects claiming to be bank officers, incident occurred in Jayanagar.','under_investigation',10,'2026-06-13 10:46:18','2026-06-13 10:46:18'),(119,'FIR/2022/RAJ/0003','STN-KSP-BLR-01','2022-06-23','01:09:10','fraud','2022-06-23','21:05:17','Rajajinagar, Bengaluru',12.98763113,77.55404015,'Victim was defrauded of money by suspects claiming to be bank officers, incident occurred in Rajajinagar.','under_investigation',7,'2026-06-13 10:46:18','2026-06-13 10:46:18'),(120,'FIR/2023/YES/0001','STN-KSP-BLR-01','2023-03-18','16:07:22','fraud','2023-03-15','03:18:43','Yeshwanthpur, Bengaluru',13.02878486,77.54076633,'Victim was defrauded of money by suspects claiming to be bank officers, incident occurred in Yeshwanthpur.','under_investigation',1,'2026-06-13 10:46:18','2026-06-13 10:46:18'),(121,'FIR/2024/SHI/0001','STN-KSP-BLR-01','2024-03-20','19:03:00','fraud','2024-03-19','09:13:49','Shivajinagar, Bengaluru',12.98207235,77.59465520,'Victim was defrauded of money by suspects claiming to be bank officers, incident occurred in Shivajinagar.','open',1,'2026-06-13 10:46:18','2026-06-13 10:46:18'),(122,'FIR/2024/ECE/0004','STN-KSP-BLR-01','2024-05-31','05:08:24','fraud','2024-05-30','16:35:53','Electronic City, Bengaluru',12.84688048,77.65874167,'Victim was defrauded of money by suspects claiming to be bank officers, incident occurred in Electronic City.','open',1,'2026-06-13 10:46:18','2026-06-13 10:46:18'),(123,'FIR/2022/WHI/0004','STN-KSP-BLR-01','2022-02-08','14:58:04','fraud','2022-02-06','18:27:36','Whitefield, Bengaluru',12.96884423,77.75140142,'Victim was defrauded of money by suspects claiming to be bank officers, incident occurred in Whitefield.','open',7,'2026-06-13 10:46:18','2026-06-13 10:46:18'),(124,'FIR/2023/KOR/0001','STN-KSP-BLR-01','2023-10-28','05:51:39','fraud','2023-10-25','22:58:23','Koramangala, Bengaluru',12.93108130,77.62784484,'Victim was defrauded of money by suspects claiming to be bank officers, incident occurred in Koramangala.','open',10,'2026-06-13 10:46:18','2026-06-13 10:46:18'),(125,'FIR/2024/WHI/0005','STN-KSP-BLR-01','2024-12-09','02:25:55','fraud','2024-12-07','23:21:14','Whitefield, Bengaluru',12.96813069,77.74668133,'Victim was defrauded of money by suspects claiming to be bank officers, incident occurred in Whitefield.','open',2,'2026-06-13 10:46:18','2026-06-13 10:46:18'),(126,'FIR/2024/HEB/0002','STN-KSP-BLR-01','2024-11-10','06:57:49','fraud','2024-11-08','11:46:52','Hebbal, Bengaluru',13.03735443,77.59347690,'Victim was defrauded of money by suspects claiming to be bank officers, incident occurred in Hebbal.','open',5,'2026-06-13 10:46:18','2026-06-13 10:46:18'),(127,'FIR/2022/SHI/0004','STN-KSP-BLR-01','2022-12-22','19:09:48','fraud','2022-12-22','05:49:40','Shivajinagar, Bengaluru',12.98564117,77.59964446,'Victim was defrauded of money by suspects claiming to be bank officers, incident occurred in Shivajinagar.','under_investigation',8,'2026-06-13 10:46:18','2026-06-13 10:46:18'),(128,'FIR/2025/BTM/0005','STN-KSP-BLR-01','2025-03-02','20:40:39','fraud','2025-02-28','20:20:09','BTM Layout, Bengaluru',12.91599763,77.60978921,'Victim was defrauded of money by suspects claiming to be bank officers, incident occurred in BTM Layout.','under_investigation',5,'2026-06-13 10:46:18','2026-06-13 10:46:18'),(129,'FIR/2022/RAJ/0004','STN-KSP-BLR-01','2022-04-26','11:32:04','fraud','2022-04-24','14:28:02','Rajajinagar, Bengaluru',12.98376890,77.55811697,'Victim was defrauded of money by suspects claiming to be bank officers, incident occurred in Rajajinagar.','open',2,'2026-06-13 10:46:18','2026-06-13 10:46:18'),(130,'FIR/2025/RAJ/0004','STN-KSP-BLR-01','2025-05-01','16:24:29','fraud','2025-05-01','14:58:51','Rajajinagar, Bengaluru',12.98891657,77.55168239,'Victim was defrauded of money by suspects claiming to be bank officers, incident occurred in Rajajinagar.','under_investigation',9,'2026-06-13 10:46:18','2026-06-13 10:46:18'),(131,'FIR/2022/JAY/0004','STN-KSP-BLR-01','2022-05-07','14:06:51','fraud','2022-05-05','22:05:32','Jayanagar, Bengaluru',12.93226127,77.57919142,'Victim was defrauded of money by suspects claiming to be bank officers, incident occurred in Jayanagar.','under_investigation',8,'2026-06-13 10:46:18','2026-06-13 10:46:18'),(132,'FIR/2024/HEB/0003','STN-KSP-BLR-01','2024-12-06','19:10:23','fraud','2024-12-04','09:24:26','Hebbal, Bengaluru',13.03864465,77.59878898,'Victim was defrauded of money by suspects claiming to be bank officers, incident occurred in Hebbal.','open',6,'2026-06-13 10:46:18','2026-06-13 10:46:18'),(133,'FIR/2023/IND/0005','STN-KSP-BLR-01','2023-11-07','03:35:43','fraud','2023-11-04','09:16:46','Indiranagar, Bengaluru',12.97541566,77.64584410,'Victim was defrauded of money by suspects claiming to be bank officers, incident occurred in Indiranagar.','under_investigation',3,'2026-06-13 10:46:18','2026-06-13 10:46:18'),(134,'FIR/2022/MAL/0002','STN-KSP-BLR-01','2022-06-16','18:42:09','fraud','2022-06-14','09:41:44','Malleshwaram, Bengaluru',13.00472135,77.56588952,'Victim was defrauded of money by suspects claiming to be bank officers, incident occurred in Malleshwaram.','under_investigation',2,'2026-06-13 10:46:18','2026-06-13 10:46:18'),(135,'FIR/2025/YES/0004','STN-KSP-BLR-01','2025-02-18','12:41:50','fraud','2025-02-16','04:42:44','Yeshwanthpur, Bengaluru',13.03028959,77.54328775,'Victim was defrauded of money by suspects claiming to be bank officers, incident occurred in Yeshwanthpur.','under_investigation',9,'2026-06-13 10:46:18','2026-06-13 10:46:18'),(136,'FIR/2024/IND/0001','STN-KSP-BLR-01','2024-05-17','16:23:01','fraud','2024-05-15','09:11:13','Indiranagar, Bengaluru',12.97031732,77.64386156,'Victim was defrauded of money by suspects claiming to be bank officers, incident occurred in Indiranagar.','open',3,'2026-06-13 10:46:18','2026-06-13 10:46:18'),(137,'FIR/2022/JAY/0005','STN-KSP-BLR-01','2022-06-08','09:54:50','fraud','2022-06-08','16:49:34','Jayanagar, Bengaluru',12.93415120,77.58763682,'Victim was defrauded of money by suspects claiming to be bank officers, incident occurred in Jayanagar.','open',6,'2026-06-13 10:46:18','2026-06-13 10:46:18'),(138,'FIR/2025/YEL/0003','STN-KSP-BLR-01','2025-06-19','04:38:24','fraud','2025-06-18','05:11:53','Yelahanka, Bengaluru',13.10262846,77.59754740,'Victim was defrauded of money by suspects claiming to be bank officers, incident occurred in Yelahanka.','closed',8,'2026-06-13 10:46:18','2026-06-13 10:46:18'),(139,'FIR/2024/KOR/0002','STN-KSP-BLR-01','2024-04-21','11:43:46','fraud','2024-04-20','14:39:18','Koramangala, Bengaluru',12.93772391,77.62723800,'Victim was defrauded of money by suspects claiming to be bank officers, incident occurred in Koramangala.','open',4,'2026-06-13 10:46:18','2026-06-13 10:46:18'),(140,'FIR/2024/YES/0005','STN-KSP-BLR-01','2024-08-18','06:23:43','fraud','2024-08-15','14:49:18','Yeshwanthpur, Bengaluru',13.02978124,77.54092907,'Victim was defrauded of money by suspects claiming to be bank officers, incident occurred in Yeshwanthpur.','open',3,'2026-06-13 10:46:18','2026-06-13 10:46:18'),(141,'FIR/2023/MAR/0004','STN-KSP-BLR-01','2023-02-13','19:08:55','cybercrime','2023-02-11','01:41:30','Marathahalli, Bengaluru',12.95994117,77.69724541,'Online phishing attempt resulting in unauthorized transactions on victim\'s credit card in Marathahalli.','open',9,'2026-06-13 10:46:18','2026-06-13 10:46:18'),(142,'FIR/2022/MAR/0002','STN-KSP-BLR-01','2022-09-13','09:05:48','cybercrime','2022-09-12','08:28:57','Marathahalli, Bengaluru',12.95633353,77.70001047,'Online phishing attempt resulting in unauthorized transactions on victim\'s credit card in Marathahalli.','open',4,'2026-06-13 10:46:18','2026-06-13 10:46:18'),(143,'FIR/2024/MAR/0003','STN-KSP-BLR-01','2024-07-12','11:59:01','cybercrime','2024-07-09','01:25:32','Marathahalli, Bengaluru',12.95493961,77.69556166,'Online phishing attempt resulting in unauthorized transactions on victim\'s credit card in Marathahalli.','open',4,'2026-06-13 10:46:18','2026-06-13 10:46:18'),(144,'FIR/2023/KOR/0002','STN-KSP-BLR-01','2023-10-15','03:53:45','cybercrime','2023-10-13','04:08:02','Koramangala, Bengaluru',12.93306879,77.62769762,'Online phishing attempt resulting in unauthorized transactions on victim\'s credit card in Koramangala.','under_investigation',3,'2026-06-13 10:46:18','2026-06-13 10:46:18'),(145,'FIR/2024/HSR/0004','STN-KSP-BLR-01','2024-08-18','14:39:00','cybercrime','2024-08-18','00:16:13','HSR Layout, Bengaluru',12.91364963,77.64548804,'Online phishing attempt resulting in unauthorized transactions on victim\'s credit card in HSR Layout.','under_investigation',9,'2026-06-13 10:46:18','2026-06-13 10:46:18'),(146,'FIR/2022/WHI/0005','STN-KSP-BLR-01','2022-08-16','09:15:19','cybercrime','2022-08-16','01:15:26','Whitefield, Bengaluru',12.97118952,77.75122811,'Online phishing attempt resulting in unauthorized transactions on victim\'s credit card in Whitefield.','open',8,'2026-06-13 10:46:18','2026-06-13 10:46:18'),(147,'FIR/2025/RAJ/0005','STN-KSP-BLR-01','2025-01-02','00:40:32','cybercrime','2025-01-01','22:09:18','Rajajinagar, Bengaluru',12.98749239,77.55594810,'Online phishing attempt resulting in unauthorized transactions on victim\'s credit card in Rajajinagar.','open',7,'2026-06-13 10:46:18','2026-06-13 10:46:18'),(148,'FIR/2022/JAY/0006','STN-KSP-BLR-01','2022-06-25','16:23:04','cybercrime','2022-06-25','12:55:30','Jayanagar, Bengaluru',12.92623534,77.58266881,'Online phishing attempt resulting in unauthorized transactions on victim\'s credit card in Jayanagar.','open',1,'2026-06-13 10:46:18','2026-06-13 10:46:18'),(149,'FIR/2022/MAL/0003','STN-KSP-BLR-01','2022-05-19','11:15:46','cybercrime','2022-05-19','18:47:48','Malleshwaram, Bengaluru',13.00142519,77.56504336,'Online phishing attempt resulting in unauthorized transactions on victim\'s credit card in Malleshwaram.','open',3,'2026-06-13 10:46:18','2026-06-13 10:46:18'),(150,'FIR/2024/MAR/0004','STN-KSP-BLR-01','2024-08-09','22:30:40','cybercrime','2024-08-08','04:04:45','Marathahalli, Bengaluru',12.95896190,77.69627680,'Online phishing attempt resulting in unauthorized transactions on victim\'s credit card in Marathahalli.','open',1,'2026-06-13 10:46:18','2026-06-13 10:46:18'),(151,'FIR/2023/HSR/0002','STN-KSP-BLR-01','2023-02-13','01:20:59','cybercrime','2023-02-11','16:25:52','HSR Layout, Bengaluru',12.91073031,77.64253314,'Online phishing attempt resulting in unauthorized transactions on victim\'s credit card in HSR Layout.','under_investigation',4,'2026-06-13 10:46:18','2026-06-13 10:46:18'),(152,'FIR/2024/YES/0006','STN-KSP-BLR-01','2024-01-02','01:55:41','cybercrime','2023-12-31','08:07:51','Yeshwanthpur, Bengaluru',13.02568019,77.54479487,'Online phishing attempt resulting in unauthorized transactions on victim\'s credit card in Yeshwanthpur.','under_investigation',7,'2026-06-13 10:46:18','2026-06-13 10:46:18'),(153,'FIR/2023/MAL/0002','STN-KSP-BLR-01','2023-01-18','15:44:31','cybercrime','2023-01-16','16:17:51','Malleshwaram, Bengaluru',12.99892612,77.56884500,'Online phishing attempt resulting in unauthorized transactions on victim\'s credit card in Malleshwaram.','open',3,'2026-06-13 10:46:18','2026-06-13 10:46:18'),(154,'FIR/2023/HEB/0003','STN-KSP-BLR-01','2023-08-25','10:06:05','cybercrime','2023-08-23','21:18:19','Hebbal, Bengaluru',13.03535916,77.59917663,'Online phishing attempt resulting in unauthorized transactions on victim\'s credit card in Hebbal.','open',8,'2026-06-13 10:46:18','2026-06-13 10:46:18'),(155,'FIR/2024/MAL/0002','STN-KSP-BLR-01','2024-07-04','01:46:55','cybercrime','2024-07-02','19:27:17','Malleshwaram, Bengaluru',13.00449469,77.57251478,'Online phishing attempt resulting in unauthorized transactions on victim\'s credit card in Malleshwaram.','open',7,'2026-06-13 10:46:18','2026-06-13 10:46:18'),(156,'FIR/2024/MAL/0003','STN-KSP-BLR-01','2024-11-16','23:43:10','cybercrime','2024-11-16','04:54:38','Malleshwaram, Bengaluru',13.00488089,77.56898173,'Online phishing attempt resulting in unauthorized transactions on victim\'s credit card in Malleshwaram.','open',4,'2026-06-13 10:46:18','2026-06-13 10:46:18'),(157,'FIR/2024/HSR/0005','STN-KSP-BLR-01','2024-01-21','11:24:36','cybercrime','2024-01-21','19:09:43','HSR Layout, Bengaluru',12.90979923,77.64370965,'Online phishing attempt resulting in unauthorized transactions on victim\'s credit card in HSR Layout.','open',2,'2026-06-13 10:46:18','2026-06-13 10:46:18'),(158,'FIR/2022/RAJ/0005','STN-KSP-BLR-01','2022-10-09','16:23:25','cybercrime','2022-10-07','20:17:15','Rajajinagar, Bengaluru',12.99280520,77.55005913,'Online phishing attempt resulting in unauthorized transactions on victim\'s credit card in Rajajinagar.','open',9,'2026-06-13 10:46:18','2026-06-13 10:46:18'),(159,'FIR/2025/WHI/0003','STN-KSP-BLR-01','2025-02-24','03:16:49','cybercrime','2025-02-22','22:28:13','Whitefield, Bengaluru',12.97476365,77.74785577,'Online phishing attempt resulting in unauthorized transactions on victim\'s credit card in Whitefield.','closed',8,'2026-06-13 10:46:18','2026-06-13 10:46:18'),(160,'FIR/2022/SHI/0005','STN-KSP-BLR-01','2022-09-09','04:54:04','cybercrime','2022-09-06','05:57:45','Shivajinagar, Bengaluru',12.98515111,77.59297791,'Online phishing attempt resulting in unauthorized transactions on victim\'s credit card in Shivajinagar.','under_investigation',6,'2026-06-13 10:46:18','2026-06-13 10:46:18'),(161,'FIR/2023/BTM/0004','STN-KSP-BLR-01','2023-12-13','22:04:35','missing_person','2023-12-11','09:54:10','BTM Layout, Bengaluru',12.91871809,77.61437324,'Report filed regarding missing individual who was last seen walking near BTM Layout bus stop.','under_investigation',6,'2026-06-13 10:46:18','2026-06-13 10:46:18'),(162,'FIR/2023/HEB/0004','STN-KSP-BLR-01','2023-04-05','03:12:50','missing_person','2023-04-04','07:50:31','Hebbal, Bengaluru',13.03116284,77.59754021,'Report filed regarding missing individual who was last seen walking near Hebbal bus stop.','open',9,'2026-06-13 10:46:18','2026-06-13 10:46:18'),(163,'FIR/2025/JAY/0002','STN-KSP-BLR-01','2025-06-07','02:04:19','missing_person','2025-06-04','22:46:30','Jayanagar, Bengaluru',12.93105696,77.58649165,'Report filed regarding missing individual who was last seen walking near Jayanagar bus stop.','under_investigation',2,'2026-06-13 10:46:18','2026-06-13 10:46:18'),(164,'FIR/2023/JAY/0003','STN-KSP-BLR-01','2023-10-12','20:04:28','missing_person','2023-10-09','21:33:22','Jayanagar, Bengaluru',12.92708335,77.58709054,'Report filed regarding missing individual who was last seen walking near Jayanagar bus stop.','open',10,'2026-06-13 10:46:18','2026-06-13 10:46:18'),(165,'FIR/2022/JAY/0007','STN-KSP-BLR-01','2022-09-22','13:32:58','missing_person','2022-09-22','03:33:09','Jayanagar, Bengaluru',12.92884125,77.58041967,'Report filed regarding missing individual who was last seen walking near Jayanagar bus stop.','closed',4,'2026-06-13 10:46:18','2026-06-13 10:46:18'),(166,'FIR/2024/MAL/0004','STN-KSP-BLR-01','2024-11-28','09:54:05','missing_person','2024-11-26','06:40:35','Malleshwaram, Bengaluru',13.00084451,77.57085022,'Report filed regarding missing individual who was last seen walking near Malleshwaram bus stop.','under_investigation',2,'2026-06-13 10:46:18','2026-06-13 10:46:18'),(167,'FIR/2022/HEB/0002','STN-KSP-BLR-01','2022-12-12','18:37:09','missing_person','2022-12-11','21:39:46','Hebbal, Bengaluru',13.03992001,77.59537620,'Report filed regarding missing individual who was last seen walking near Hebbal bus stop.','closed',1,'2026-06-13 10:46:18','2026-06-13 10:46:18'),(168,'FIR/2022/MAR/0003','STN-KSP-BLR-01','2022-02-28','02:02:41','missing_person','2022-02-26','20:13:49','Marathahalli, Bengaluru',12.95692137,77.69788108,'Report filed regarding missing individual who was last seen walking near Marathahalli bus stop.','open',9,'2026-06-13 10:46:18','2026-06-13 10:46:18'),(169,'FIR/2023/YES/0002','STN-KSP-BLR-01','2023-09-11','15:15:51','missing_person','2023-09-08','09:29:04','Yeshwanthpur, Bengaluru',13.02888614,77.53748080,'Report filed regarding missing individual who was last seen walking near Yeshwanthpur bus stop.','open',8,'2026-06-13 10:46:18','2026-06-13 10:46:18'),(170,'FIR/2023/SHI/0002','STN-KSP-BLR-01','2023-11-28','19:09:20','missing_person','2023-11-26','23:55:22','Shivajinagar, Bengaluru',12.99045374,77.59340766,'Report filed regarding missing individual who was last seen walking near Shivajinagar bus stop.','open',9,'2026-06-13 10:46:18','2026-06-13 10:46:18'),(171,'FIR/2023/IND/0006','STN-KSP-BLR-01','2023-10-16','07:29:07','missing_person','2023-10-14','14:15:09','Indiranagar, Bengaluru',12.96786812,77.63910212,'Report filed regarding missing individual who was last seen walking near Indiranagar bus stop.','open',10,'2026-06-13 10:46:18','2026-06-13 10:46:18'),(172,'FIR/2023/WHI/0004','STN-KSP-BLR-01','2023-05-24','05:52:20','missing_person','2023-05-22','06:48:10','Whitefield, Bengaluru',12.96978266,77.75014725,'Report filed regarding missing individual who was last seen walking near Whitefield bus stop.','open',5,'2026-06-13 10:46:18','2026-06-13 10:46:18'),(173,'FIR/2022/ECE/0001','STN-KSP-BLR-01','2022-02-17','02:25:32','missing_person','2022-02-14','07:13:37','Electronic City, Bengaluru',12.84372895,77.65570540,'Report filed regarding missing individual who was last seen walking near Electronic City bus stop.','open',8,'2026-06-13 10:46:18','2026-06-13 10:46:18'),(174,'FIR/2025/YES/0005','STN-KSP-BLR-01','2025-01-04','00:54:06','missing_person','2025-01-01','04:56:16','Yeshwanthpur, Bengaluru',13.02927508,77.54353857,'Report filed regarding missing individual who was last seen walking near Yeshwanthpur bus stop.','open',7,'2026-06-13 10:46:18','2026-06-13 10:46:18'),(175,'FIR/2025/KOR/0001','STN-KSP-BLR-01','2025-03-13','17:12:23','missing_person','2025-03-11','02:24:32','Koramangala, Bengaluru',12.93470354,77.62489857,'Report filed regarding missing individual who was last seen walking near Koramangala bus stop.','under_investigation',10,'2026-06-13 10:46:18','2026-06-13 10:46:18'),(176,'FIR/2025/BTM/0006','STN-KSP-BLR-01','2025-06-05','03:08:06','drug_offense','2025-06-02','11:50:21','BTM Layout, Bengaluru',12.91717832,77.60875606,'Seizure of contraband substances and arrest of suspect in possession near local park in BTM Layout.','open',10,'2026-06-13 10:46:18','2026-06-13 10:46:18'),(177,'FIR/2024/HEB/0004','STN-KSP-BLR-01','2024-04-02','16:02:02','drug_offense','2024-04-02','04:45:21','Hebbal, Bengaluru',13.03893966,77.59719333,'Seizure of contraband substances and arrest of suspect in possession near local park in Hebbal.','open',9,'2026-06-13 10:46:18','2026-06-13 10:46:18'),(178,'FIR/2023/JAY/0004','STN-KSP-BLR-01','2023-11-03','19:20:10','drug_offense','2023-10-31','19:47:53','Jayanagar, Bengaluru',12.92879234,77.58216373,'Seizure of contraband substances and arrest of suspect in possession near local park in Jayanagar.','under_investigation',9,'2026-06-13 10:46:18','2026-06-13 10:46:18'),(179,'FIR/2025/ECE/0001','STN-KSP-BLR-01','2025-02-26','09:30:52','drug_offense','2025-02-26','11:21:43','Electronic City, Bengaluru',12.84129605,77.65936540,'Seizure of contraband substances and arrest of suspect in possession near local park in Electronic City.','open',1,'2026-06-13 10:46:18','2026-06-13 10:46:18'),(180,'FIR/2024/RAJ/0003','STN-KSP-BLR-01','2024-08-29','08:41:50','drug_offense','2024-08-28','23:03:37','Rajajinagar, Bengaluru',12.98800449,77.55504232,'Seizure of contraband substances and arrest of suspect in possession near local park in Rajajinagar.','under_investigation',7,'2026-06-13 10:46:18','2026-06-13 10:46:18'),(181,'FIR/2023/JAY/0005','STN-KSP-BLR-01','2023-05-12','01:36:44','drug_offense','2023-05-12','06:01:28','Jayanagar, Bengaluru',12.92893692,77.58031431,'Seizure of contraband substances and arrest of suspect in possession near local park in Jayanagar.','under_investigation',7,'2026-06-13 10:46:18','2026-06-13 10:46:18'),(182,'FIR/2025/HEB/0003','STN-KSP-BLR-01','2025-06-06','15:55:54','drug_offense','2025-06-06','22:08:33','Hebbal, Bengaluru',13.03297342,77.59525050,'Seizure of contraband substances and arrest of suspect in possession near local park in Hebbal.','under_investigation',9,'2026-06-13 10:46:18','2026-06-13 10:46:18'),(183,'FIR/2023/WHI/0005','STN-KSP-BLR-01','2023-10-05','05:29:58','drug_offense','2023-10-03','17:22:43','Whitefield, Bengaluru',12.97251990,77.75220925,'Seizure of contraband substances and arrest of suspect in possession near local park in Whitefield.','under_investigation',5,'2026-06-13 10:46:18','2026-06-13 10:46:18'),(184,'FIR/2024/RAJ/0004','STN-KSP-BLR-01','2024-09-18','06:15:17','drug_offense','2024-09-16','07:19:49','Rajajinagar, Bengaluru',12.98609004,77.55187278,'Seizure of contraband substances and arrest of suspect in possession near local park in Rajajinagar.','under_investigation',6,'2026-06-13 10:46:18','2026-06-13 10:46:18'),(185,'FIR/2023/ECE/0007','STN-KSP-BLR-01','2023-12-16','17:59:59','drug_offense','2023-12-14','09:07:36','Electronic City, Bengaluru',12.84696622,77.65899694,'Seizure of contraband substances and arrest of suspect in possession near local park in Electronic City.','chargesheeted',6,'2026-06-13 10:46:18','2026-06-13 10:46:18'),(186,'FIR/2022/HSR/0003','STN-KSP-BLR-01','2022-10-27','09:02:18','drug_offense','2022-10-27','11:59:28','HSR Layout, Bengaluru',12.91185972,77.64747338,'Seizure of contraband substances and arrest of suspect in possession near local park in HSR Layout.','open',9,'2026-06-13 10:46:18','2026-06-13 10:46:18'),(187,'FIR/2025/YES/0006','STN-KSP-BLR-01','2025-02-25','22:17:08','drug_offense','2025-02-25','19:47:37','Yeshwanthpur, Bengaluru',13.02439282,77.53640765,'Seizure of contraband substances and arrest of suspect in possession near local park in Yeshwanthpur.','closed',4,'2026-06-13 10:46:18','2026-06-13 10:46:18'),(188,'FIR/2023/BTM/0005','STN-KSP-BLR-01','2023-04-22','01:06:26','drug_offense','2023-04-20','22:30:06','BTM Layout, Bengaluru',12.91841192,77.60647467,'Seizure of contraband substances and arrest of suspect in possession near local park in BTM Layout.','chargesheeted',3,'2026-06-13 10:46:18','2026-06-13 10:46:18'),(189,'FIR/2024/WHI/0006','STN-KSP-BLR-01','2024-09-01','15:41:12','drug_offense','2024-08-30','10:18:41','Whitefield, Bengaluru',12.96539163,77.75268725,'Seizure of contraband substances and arrest of suspect in possession near local park in Whitefield.','under_investigation',4,'2026-06-13 10:46:18','2026-06-13 10:46:18'),(190,'FIR/2022/HEB/0003','STN-KSP-BLR-01','2022-03-18','05:26:56','drug_offense','2022-03-17','01:53:25','Hebbal, Bengaluru',13.03877961,77.59386312,'Seizure of contraband substances and arrest of suspect in possession near local park in Hebbal.','under_investigation',5,'2026-06-13 10:46:18','2026-06-13 10:46:18'),(191,'FIR/2022/YEL/0003','STN-KSP-BLR-01','2022-03-18','00:19:36','robbery','2022-03-18','10:18:29','Yelahanka, Bengaluru',13.10559099,77.59673300,'Robbery at gun/knife point in a commercial area of Yelahanka. Suspect fled scene.','open',3,'2026-06-13 10:46:18','2026-06-13 10:46:18'),(192,'FIR/2024/MAR/0005','STN-KSP-BLR-01','2024-10-29','14:17:12','robbery','2024-10-29','10:10:46','Marathahalli, Bengaluru',12.95578914,77.69427265,'Robbery at gun/knife point in a commercial area of Marathahalli. Suspect fled scene.','open',6,'2026-06-13 10:46:18','2026-06-13 10:46:18'),(193,'FIR/2023/HSR/0003','STN-KSP-BLR-01','2023-08-28','18:43:48','robbery','2023-08-27','05:39:54','HSR Layout, Bengaluru',12.91168726,77.64405490,'Robbery at gun/knife point in a commercial area of HSR Layout. Suspect fled scene.','open',6,'2026-06-13 10:46:18','2026-06-13 10:46:18'),(194,'FIR/2024/IND/0002','STN-KSP-BLR-01','2024-03-31','21:06:11','robbery','2024-03-30','15:20:59','Indiranagar, Bengaluru',12.96938047,77.63880785,'Robbery at gun/knife point in a commercial area of Indiranagar. Suspect fled scene.','open',5,'2026-06-13 10:46:18','2026-06-13 10:46:18'),(195,'FIR/2023/MAL/0003','STN-KSP-BLR-01','2023-09-11','18:46:36','robbery','2023-09-11','08:41:23','Malleshwaram, Bengaluru',13.00502769,77.56522124,'Robbery at gun/knife point in a commercial area of Malleshwaram. Suspect fled scene.','open',5,'2026-06-13 10:46:18','2026-06-13 10:46:18'),(196,'FIR/2024/JAY/0005','STN-KSP-BLR-01','2024-04-10','21:32:59','robbery','2024-04-08','22:07:40','Jayanagar, Bengaluru',12.93496130,77.58175038,'Robbery at gun/knife point in a commercial area of Jayanagar. Suspect fled scene.','under_investigation',4,'2026-06-13 10:46:18','2026-06-13 10:46:18'),(197,'FIR/2024/JAY/0006','STN-KSP-BLR-01','2024-09-06','04:29:47','robbery','2024-09-04','13:44:35','Jayanagar, Bengaluru',12.93492797,77.58637351,'Robbery at gun/knife point in a commercial area of Jayanagar. Suspect fled scene.','under_investigation',4,'2026-06-13 10:46:18','2026-06-13 10:46:18'),(198,'FIR/2023/HSR/0004','STN-KSP-BLR-01','2023-05-22','21:48:38','robbery','2023-05-22','16:28:33','HSR Layout, Bengaluru',12.91233766,77.64078103,'Robbery at gun/knife point in a commercial area of HSR Layout. Suspect fled scene.','open',1,'2026-06-13 10:46:18','2026-06-13 10:46:18'),(199,'FIR/2025/MAR/0004','STN-KSP-BLR-01','2025-01-26','16:12:36','robbery','2025-01-25','05:20:54','Marathahalli, Bengaluru',12.95640342,77.69286240,'Robbery at gun/knife point in a commercial area of Marathahalli. Suspect fled scene.','open',10,'2026-06-13 10:46:18','2026-06-13 10:46:18'),(200,'FIR/2022/ECE/0002','STN-KSP-BLR-01','2022-07-06','16:28:51','robbery','2022-07-06','14:08:32','Electronic City, Bengaluru',12.84435425,77.66083911,'Robbery at gun/knife point in a commercial area of Electronic City. Suspect fled scene.','open',5,'2026-06-13 10:46:18','2026-06-13 10:46:18'),(201,'FIR/2022/JPN/0003','STN-KSP-BLR-01','2022-02-14','12:16:52','murder','2022-02-14','23:13:37','JP Nagar, Bengaluru',12.90203030,77.58493697,'Homicide case registered following discovery of deceased person in an abandoned site in JP Nagar.','under_investigation',9,'2026-06-13 10:46:18','2026-06-13 10:46:18'),(202,'FIR/2022/KOR/0001','STN-KSP-BLR-01','2022-05-22','15:02:18','murder','2022-05-19','05:49:08','Koramangala, Bengaluru',12.93785828,77.62918333,'Homicide case registered following discovery of deceased person in an abandoned site in Koramangala.','under_investigation',7,'2026-06-13 10:46:18','2026-06-13 10:46:18'),(203,'FIR/2024/MAL/0005','STN-KSP-BLR-01','2024-02-23','14:55:58','murder','2024-02-20','12:05:43','Malleshwaram, Bengaluru',13.00774144,77.57334554,'Homicide case registered following discovery of deceased person in an abandoned site in Malleshwaram.','open',6,'2026-06-13 10:46:18','2026-06-13 10:46:18'),(204,'FIR/2023/IND/0007','STN-KSP-BLR-01','2023-01-01','17:25:33','murder','2022-12-31','23:14:53','Indiranagar, Bengaluru',12.96693473,77.63642735,'Homicide case registered following discovery of deceased person in an abandoned site in Indiranagar.','open',9,'2026-06-13 10:46:18','2026-06-13 10:46:18'),(205,'FIR/2024/WHI/0007','STN-KSP-BLR-01','2024-12-25','12:52:14','murder','2024-12-24','14:22:09','Whitefield, Bengaluru',12.96755650,77.75437410,'Homicide case registered following discovery of deceased person in an abandoned site in Whitefield.','under_investigation',2,'2026-06-13 10:46:18','2026-06-13 10:46:18'),(206,'FIR/2024/KOR/0003','STN-KSP-BLR-01','2024-05-08','19:49:59','domestic_violence','2024-05-08','07:13:04','Koramangala, Bengaluru',12.93120897,77.61973576,'Domestic dispute and assault report registered by complainant in Koramangala.','open',1,'2026-06-13 10:46:18','2026-06-13 10:46:18'),(207,'FIR/2022/SHI/0006','STN-KSP-BLR-01','2022-04-01','12:28:14','domestic_violence','2022-03-31','01:08:32','Shivajinagar, Bengaluru',12.99063483,77.59444162,'Domestic dispute and assault report registered by complainant in Shivajinagar.','closed',10,'2026-06-13 10:46:18','2026-06-13 10:46:18'),(208,'FIR/2025/MAL/0002','STN-KSP-BLR-01','2025-03-28','19:49:43','domestic_violence','2025-03-26','07:19:56','Malleshwaram, Bengaluru',12.99953260,77.57120212,'Domestic dispute and assault report registered by complainant in Malleshwaram.','open',5,'2026-06-13 10:46:18','2026-06-13 10:46:18'),(209,'FIR/2022/YES/0004','STN-KSP-BLR-01','2022-05-05','17:37:56','domestic_violence','2022-05-04','20:43:27','Yeshwanthpur, Bengaluru',13.02755851,77.53636884,'Domestic dispute and assault report registered by complainant in Yeshwanthpur.','open',7,'2026-06-13 10:46:18','2026-06-13 10:46:18'),(210,'FIR/2024/HSR/0006','STN-KSP-BLR-01','2024-12-10','10:44:26','domestic_violence','2024-12-07','04:19:24','HSR Layout, Bengaluru',12.90713879,77.64537928,'Domestic dispute and assault report registered by complainant in HSR Layout.','open',4,'2026-06-13 10:46:18','2026-06-13 10:46:18'),(211,'FIR/2022/YES/0005','STN-KSP-BLR-01','2022-10-23','14:58:03','domestic_violence','2022-10-20','13:35:33','Yeshwanthpur, Bengaluru',13.02334093,77.53832859,'Domestic dispute and assault report registered by complainant in Yeshwanthpur.','open',2,'2026-06-13 10:46:18','2026-06-13 10:46:18'),(212,'FIR/2024/YEL/0003','STN-KSP-BLR-01','2024-07-10','11:05:34','domestic_violence','2024-07-09','01:17:24','Yelahanka, Bengaluru',13.10243672,77.59732922,'Domestic dispute and assault report registered by complainant in Yelahanka.','closed',4,'2026-06-13 10:46:18','2026-06-13 10:46:18'),(213,'FIR/2025/HSR/0002','STN-KSP-BLR-01','2025-04-18','23:42:35','domestic_violence','2025-04-17','15:13:55','HSR Layout, Bengaluru',12.91437033,77.64303188,'Domestic dispute and assault report registered by complainant in HSR Layout.','closed',4,'2026-06-13 10:46:18','2026-06-13 10:46:18'),(214,'FIR/2023/YEL/0005','STN-KSP-BLR-01','2023-01-25','23:07:47','domestic_violence','2023-01-22','07:44:38','Yelahanka, Bengaluru',13.10273769,77.59526632,'Domestic dispute and assault report registered by complainant in Yelahanka.','open',6,'2026-06-13 10:46:18','2026-06-13 10:46:18'),(215,'FIR/2023/HSR/0005','STN-KSP-BLR-01','2023-08-03','12:29:34','domestic_violence','2023-08-01','09:16:23','HSR Layout, Bengaluru',12.91042817,77.64497277,'Domestic dispute and assault report registered by complainant in HSR Layout.','open',8,'2026-06-13 10:46:18','2026-06-13 10:46:18'),(216,'FIR/2023/HSR/0006','STN-KSP-BLR-01','2023-10-18','06:23:20','other','2023-10-15','01:36:55','HSR Layout, Bengaluru',12.90751274,77.64145923,'Reported case of other at HSR Layout. Under investigation.','open',10,'2026-06-13 10:46:18','2026-06-13 10:46:18'),(217,'FIR/2024/RAJ/0005','STN-KSP-BLR-01','2024-05-05','09:09:12','other','2024-05-03','07:24:36','Rajajinagar, Bengaluru',12.99153363,77.55479301,'Reported case of other at Rajajinagar. Under investigation.','under_investigation',6,'2026-06-13 10:46:18','2026-06-13 10:46:18'),(218,'FIR/2024/YES/0007','STN-KSP-BLR-01','2024-09-27','23:41:47','other','2024-09-24','14:10:46','Yeshwanthpur, Bengaluru',13.02994976,77.53759266,'Reported case of other at Yeshwanthpur. Under investigation.','under_investigation',8,'2026-06-13 10:46:18','2026-06-13 10:46:18'),(219,'FIR/2025/JAY/0003','STN-KSP-BLR-01','2025-01-15','20:03:33','other','2025-01-15','02:52:42','Jayanagar, Bengaluru',12.92628514,77.57886384,'Reported case of other at Jayanagar. Under investigation.','open',4,'2026-06-13 10:46:18','2026-06-13 10:46:18'),(220,'FIR/2022/IND/0003','STN-KSP-BLR-01','2022-11-06','00:13:32','other','2022-11-03','11:03:39','Indiranagar, Bengaluru',12.97327729,77.64553904,'Reported case of other at Indiranagar. Under investigation.','closed',8,'2026-06-13 10:46:18','2026-06-13 10:46:18');
/*!40000 ALTER TABLE `fir_master` ENABLE KEYS */;
UNLOCK TABLES;

--
-- Table structure for table `officers`
--

DROP TABLE IF EXISTS `officers`;
/*!40101 SET @saved_cs_client     = @@character_set_client */;
/*!50503 SET character_set_client = utf8mb4 */;
CREATE TABLE `officers` (
  `officer_id` int NOT NULL AUTO_INCREMENT,
  `badge_number` varchar(20) NOT NULL,
  `full_name` varchar(100) NOT NULL,
  `rank` enum('Constable','Head Constable','ASI','SI','PI','Inspector','DySP','SP') NOT NULL,
  `department` varchar(50) DEFAULT NULL,
  `phone` varchar(15) DEFAULT NULL,
  `email` varchar(100) DEFAULT NULL,
  `date_joined` date DEFAULT NULL,
  `is_active` tinyint(1) DEFAULT '1',
  `created_at` timestamp NULL DEFAULT CURRENT_TIMESTAMP,
  PRIMARY KEY (`officer_id`),
  UNIQUE KEY `badge_number` (`badge_number`)
) ENGINE=InnoDB AUTO_INCREMENT=11 DEFAULT CHARSET=utf8mb4 COLLATE=utf8mb4_0900_ai_ci;
/*!40101 SET character_set_client = @saved_cs_client */;

--
-- Dumping data for table `officers`
--

LOCK TABLES `officers` WRITE;
/*!40000 ALTER TABLE `officers` DISABLE KEYS */;
INSERT INTO `officers` VALUES (1,'KSP-2010-0101','Manjunath Patil','Inspector','Crime Branch','9880770487','manjunath.patil@ksp.gov.in','2012-07-01',1,'2026-06-13 10:46:17'),(2,'KSP-2012-0202','Venkatesh Gowda','PI','Crime Branch','9880126225','venkatesh.gowda@ksp.gov.in','2016-03-03',1,'2026-06-13 10:46:17'),(3,'KSP-2014-0303','Ramesh Naik','SI','Crime Branch','9880356787','ramesh.naik@ksp.gov.in','2015-01-03',1,'2026-06-13 10:46:17'),(4,'KSP-2015-0404','Sandeep Hegde','SI','Crime Branch','9880246316','sandeep.hegde@ksp.gov.in','2012-04-19',1,'2026-06-13 10:46:17'),(5,'KSP-2016-0505','Harish Kumar','ASI','Crime Branch','9880809570','harish.kumar@ksp.gov.in','2011-12-14',1,'2026-06-13 10:46:17'),(6,'KSP-2017-0606','Vijay Raghavendra','ASI','Crime Branch','9880719176','vijay.raghavendra@ksp.gov.in','2019-06-19',1,'2026-06-13 10:46:17'),(7,'KSP-2018-0707','Lokesh Murthy','Head Constable','Crime Branch','9880133326','lokesh.murthy@ksp.gov.in','2010-09-02',1,'2026-06-13 10:46:17'),(8,'KSP-2019-0808','Shivakumar Swamy','Head Constable','Crime Branch','9880198246','shivakumar.swamy@ksp.gov.in','2014-11-27',1,'2026-06-13 10:46:17'),(9,'KSP-2020-0909','Srinivas Raju','Constable','Crime Branch','9880343962','srinivas.raju@ksp.gov.in','2021-05-02',1,'2026-06-13 10:46:17'),(10,'KSP-2021-1010','Naveen Raj','Constable','Crime Branch','9880731262','naveen.raj@ksp.gov.in','2010-08-06',1,'2026-06-13 10:46:17');
/*!40000 ALTER TABLE `officers` ENABLE KEYS */;
UNLOCK TABLES;

--
-- Table structure for table `victims`
--

DROP TABLE IF EXISTS `victims`;
/*!40101 SET @saved_cs_client     = @@character_set_client */;
/*!50503 SET character_set_client = utf8mb4 */;
CREATE TABLE `victims` (
  `victim_id` int NOT NULL AUTO_INCREMENT,
  `fir_id` int NOT NULL,
  `full_name` varchar(100) DEFAULT NULL,
  `age` int DEFAULT NULL,
  `gender` enum('male','female','other','unknown') DEFAULT 'unknown',
  `address` text,
  `phone` varchar(15) DEFAULT NULL,
  `injury_description` text,
  `created_at` timestamp NULL DEFAULT CURRENT_TIMESTAMP,
  PRIMARY KEY (`victim_id`),
  KEY `idx_victims_fir` (`fir_id`),
  CONSTRAINT `victims_ibfk_1` FOREIGN KEY (`fir_id`) REFERENCES `fir_master` (`fir_id`)
) ENGINE=InnoDB AUTO_INCREMENT=221 DEFAULT CHARSET=utf8mb4 COLLATE=utf8mb4_0900_ai_ci;
/*!40101 SET character_set_client = @saved_cs_client */;

--
-- Dumping data for table `victims`
--

LOCK TABLES `victims` WRITE;
/*!40000 ALTER TABLE `victims` DISABLE KEYS */;
INSERT INTO `victims` VALUES (1,1,'Divya Reddy',28,'female','Resident of Hebbal, Bengaluru','9845849666','No physical injury reported.','2026-06-13 10:46:19'),(2,2,'Divya Reddy',34,'female','Resident of JP Nagar, Bengaluru','9845183057','No physical injury reported.','2026-06-13 10:46:19'),(3,3,'Shubha Reddy',51,'female','Resident of HSR Layout, Bengaluru','9845901676','No physical injury reported.','2026-06-13 10:46:19'),(4,4,'Lakshmi Aradhya',69,'female','Resident of Rajajinagar, Bengaluru','9845381880','No physical injury reported.','2026-06-13 10:46:19'),(5,5,'Priya Shetty',29,'female','Resident of Jayanagar, Bengaluru','9845243260','No physical injury reported.','2026-06-13 10:46:19'),(6,6,'Roopa Acharya',57,'female','Resident of Jayanagar, Bengaluru','9845574760','No physical injury reported.','2026-06-13 10:46:19'),(7,7,'Netra Joshi',30,'female','Resident of Whitefield, Bengaluru','9845436219','No physical injury reported.','2026-06-13 10:46:19'),(8,8,'Girish Kumar',52,'male','Resident of Jayanagar, Bengaluru','9845123205','No physical injury reported.','2026-06-13 10:46:19'),(9,9,'Raghav Raju',35,'male','Resident of Hebbal, Bengaluru','9845231113','No physical injury reported.','2026-06-13 10:46:19'),(10,10,'Deepa Reddy',23,'female','Resident of Rajajinagar, Bengaluru','9845258003','No physical injury reported.','2026-06-13 10:46:19'),(11,11,'Vinay Hegde',39,'male','Resident of Indiranagar, Bengaluru','9845540656','No physical injury reported.','2026-06-13 10:46:19'),(12,12,'Shalini Raj',47,'female','Resident of Marathahalli, Bengaluru','9845830789','No physical injury reported.','2026-06-13 10:46:19'),(13,13,'Abhishek Shetty',66,'male','Resident of Rajajinagar, Bengaluru','9845253184','No physical injury reported.','2026-06-13 10:46:19'),(14,14,'Shiva Naik',22,'male','Resident of Marathahalli, Bengaluru','9845669578','No physical injury reported.','2026-06-13 10:46:19'),(15,15,'Sindhu Hegde',34,'female','Resident of Yelahanka, Bengaluru','9845956949','No physical injury reported.','2026-06-13 10:46:19'),(16,16,'Deepa Rao',67,'female','Resident of Shivajinagar, Bengaluru','9845849398','No physical injury reported.','2026-06-13 10:46:19'),(17,17,'Darshan Acharya',33,'male','Resident of Marathahalli, Bengaluru','9845873449','No physical injury reported.','2026-06-13 10:46:19'),(18,18,'Sunil Acharya',65,'male','Resident of Electronic City, Bengaluru','9845908447','No physical injury reported.','2026-06-13 10:46:19'),(19,19,'Santosh Hegde',48,'male','Resident of BTM Layout, Bengaluru','9845508024','No physical injury reported.','2026-06-13 10:46:19'),(20,20,'Radha Patil',58,'female','Resident of Electronic City, Bengaluru','9845863611','No physical injury reported.','2026-06-13 10:46:19'),(21,21,'Sanjay Aradhya',51,'male','Resident of Jayanagar, Bengaluru','9845228074','No physical injury reported.','2026-06-13 10:46:19'),(22,22,'Shalini Raju',30,'female','Resident of Yeshwanthpur, Bengaluru','9845477934','No physical injury reported.','2026-06-13 10:46:19'),(23,23,'Nagaraj Hegde',25,'male','Resident of JP Nagar, Bengaluru','9845347428','No physical injury reported.','2026-06-13 10:46:19'),(24,24,'Radha Gowda',28,'female','Resident of Indiranagar, Bengaluru','9845932978','No physical injury reported.','2026-06-13 10:46:19'),(25,25,'Geetha Rao',43,'female','Resident of Whitefield, Bengaluru','9845927477','No physical injury reported.','2026-06-13 10:46:19'),(26,26,'Karthik Kumar',55,'male','Resident of Electronic City, Bengaluru','9845921533','No physical injury reported.','2026-06-13 10:46:19'),(27,27,'Netra Nayak',41,'female','Resident of Yelahanka, Bengaluru','9845908239','No physical injury reported.','2026-06-13 10:46:19'),(28,28,'Basavaraj Patil',49,'male','Resident of BTM Layout, Bengaluru','9845195841','No physical injury reported.','2026-06-13 10:46:19'),(29,29,'Shubha Kumar',21,'female','Resident of Rajajinagar, Bengaluru','9845472787','No physical injury reported.','2026-06-13 10:46:19'),(30,30,'Prakash Aradhya',68,'male','Resident of Marathahalli, Bengaluru','9845212608','No physical injury reported.','2026-06-13 10:46:19'),(31,31,'Vinay Reddy',38,'male','Resident of Indiranagar, Bengaluru','9845685472','No physical injury reported.','2026-06-13 10:46:19'),(32,32,'Asha Hegde',19,'female','Resident of Yelahanka, Bengaluru','9845822730','No physical injury reported.','2026-06-13 10:46:19'),(33,33,'Meenakshi Nayak',34,'female','Resident of Yelahanka, Bengaluru','9845141406','No physical injury reported.','2026-06-13 10:46:19'),(34,34,'Netra Acharya',53,'female','Resident of Yeshwanthpur, Bengaluru','9845409030','No physical injury reported.','2026-06-13 10:46:19'),(35,35,'Priya Patil',52,'female','Resident of Shivajinagar, Bengaluru','9845464552','No physical injury reported.','2026-06-13 10:46:19'),(36,36,'Asha Murthy',56,'female','Resident of BTM Layout, Bengaluru','9845681456','No physical injury reported.','2026-06-13 10:46:19'),(37,37,'Pradeep Deshpande',27,'male','Resident of Whitefield, Bengaluru','9845571213','No physical injury reported.','2026-06-13 10:46:19'),(38,38,'Suma Aradhya',41,'female','Resident of Malleshwaram, Bengaluru','9845576136','No physical injury reported.','2026-06-13 10:46:19'),(39,39,'Kiran Deshpande',42,'male','Resident of BTM Layout, Bengaluru','9845869295','No physical injury reported.','2026-06-13 10:46:19'),(40,40,'Karthik Raj',67,'male','Resident of Rajajinagar, Bengaluru','9845750324','No physical injury reported.','2026-06-13 10:46:19'),(41,41,'Abhishek Shetty',60,'male','Resident of Electronic City, Bengaluru','9845665136','No physical injury reported.','2026-06-13 10:46:19'),(42,42,'Priya Deshpande',61,'female','Resident of Indiranagar, Bengaluru','9845621718','No physical injury reported.','2026-06-13 10:46:19'),(43,43,'Mohan Raju',38,'male','Resident of Electronic City, Bengaluru','9845529711','No physical injury reported.','2026-06-13 10:46:19'),(44,44,'Roopa Rao',51,'female','Resident of HSR Layout, Bengaluru','9845790897','No physical injury reported.','2026-06-13 10:46:19'),(45,45,'Suresh Nayak',29,'male','Resident of BTM Layout, Bengaluru','9845132792','No physical injury reported.','2026-06-13 10:46:19'),(46,46,'Raghav Joshi',30,'male','Resident of Yelahanka, Bengaluru','9845203550','No physical injury reported.','2026-06-13 10:46:19'),(47,47,'Ravi Naik',60,'male','Resident of BTM Layout, Bengaluru','9845613707','No physical injury reported.','2026-06-13 10:46:19'),(48,48,'Kavitha Raj',32,'female','Resident of Whitefield, Bengaluru','9845735388','No physical injury reported.','2026-06-13 10:46:19'),(49,49,'Karthik Hegde',59,'male','Resident of Yelahanka, Bengaluru','9845615276','No physical injury reported.','2026-06-13 10:46:19'),(50,50,'Yash Kumar',41,'male','Resident of Hebbal, Bengaluru','9845685126','No physical injury reported.','2026-06-13 10:46:19'),(51,51,'Meenakshi Kumar',70,'female','Resident of JP Nagar, Bengaluru','9845746901','Minor head injury','2026-06-13 10:46:19'),(52,52,'Sanjay Shetty',37,'male','Resident of Jayanagar, Bengaluru','9845181721','Laceration on right hand','2026-06-13 10:46:19'),(53,53,'Raghav Reddy',52,'male','Resident of Yeshwanthpur, Bengaluru','9845504048','Laceration on right hand','2026-06-13 10:46:19'),(54,54,'Santosh Reddy',54,'male','Resident of Shivajinagar, Bengaluru','9845755700','Laceration on right hand','2026-06-13 10:46:19'),(55,55,'Roopa Raj',61,'female','Resident of HSR Layout, Bengaluru','9845581003','No visible external injury','2026-06-13 10:46:19'),(56,56,'Anil Patil',53,'male','Resident of Whitefield, Bengaluru','9845521063','Minor head injury','2026-06-13 10:46:19'),(57,57,'Manjunatha Acharya',40,'male','Resident of HSR Layout, Bengaluru','9845430463','Minor head injury','2026-06-13 10:46:19'),(58,58,'Swathi Prasad',70,'female','Resident of Whitefield, Bengaluru','9845861127','Minor head injury','2026-06-13 10:46:19'),(59,59,'Ravi Aradhya',31,'male','Resident of HSR Layout, Bengaluru','9845493282','Minor head injury','2026-06-13 10:46:19'),(60,60,'Asha Acharya',43,'female','Resident of HSR Layout, Bengaluru','9845100205','Bruises on face and arms','2026-06-13 10:46:19'),(61,61,'Nandini Gowda',51,'female','Resident of Malleshwaram, Bengaluru','9845241647','Minor head injury','2026-06-13 10:46:19'),(62,62,'Guru Reddy',31,'male','Resident of Hebbal, Bengaluru','9845997287','Minor head injury','2026-06-13 10:46:19'),(63,63,'Prakash Murthy',53,'male','Resident of BTM Layout, Bengaluru','9845636107','Laceration on right hand','2026-06-13 10:46:19'),(64,64,'Suresh Acharya',40,'male','Resident of Shivajinagar, Bengaluru','9845263690','Laceration on right hand','2026-06-13 10:46:19'),(65,65,'Meenakshi Reddy',32,'female','Resident of JP Nagar, Bengaluru','9845368691','Minor head injury','2026-06-13 10:46:19'),(66,66,'Ravi Naik',54,'male','Resident of Yeshwanthpur, Bengaluru','9845327999','Bruises on face and arms','2026-06-13 10:46:19'),(67,67,'Shalini Patil',49,'female','Resident of Electronic City, Bengaluru','9845965814','Bruises on face and arms','2026-06-13 10:46:19'),(68,68,'Kavitha Naik',23,'female','Resident of Jayanagar, Bengaluru','9845918017','Bruises on face and arms','2026-06-13 10:46:19'),(69,69,'Meenakshi Prasad',44,'female','Resident of Whitefield, Bengaluru','9845226395','Laceration on right hand','2026-06-13 10:46:19'),(70,70,'Kiran Naik',21,'male','Resident of BTM Layout, Bengaluru','9845419588','Bruises on face and arms','2026-06-13 10:46:19'),(71,71,'Mamatha Nayak',38,'female','Resident of Electronic City, Bengaluru','9845626806','Laceration on right hand','2026-06-13 10:46:19'),(72,72,'Suresh Naik',46,'male','Resident of BTM Layout, Bengaluru','9845889410','Bruises on face and arms','2026-06-13 10:46:19'),(73,73,'Puneeth Raju',68,'male','Resident of Rajajinagar, Bengaluru','9845513477','Laceration on right hand','2026-06-13 10:46:19'),(74,74,'Abhishek Shetty',48,'male','Resident of Indiranagar, Bengaluru','9845699198','Bruises on face and arms','2026-06-13 10:46:19'),(75,75,'Suma Shetty',43,'female','Resident of Rajajinagar, Bengaluru','9845626199','No visible external injury','2026-06-13 10:46:19'),(76,76,'Girish Joshi',53,'male','Resident of Whitefield, Bengaluru','9845307731','No visible external injury','2026-06-13 10:46:19'),(77,77,'Shubha Hegde',53,'female','Resident of Yeshwanthpur, Bengaluru','9845745919','Laceration on right hand','2026-06-13 10:46:19'),(78,78,'Pradeep Murthy',67,'male','Resident of BTM Layout, Bengaluru','9845550956','Minor head injury','2026-06-13 10:46:19'),(79,79,'Raghav Prasad',45,'male','Resident of Yeshwanthpur, Bengaluru','9845483010','Minor head injury','2026-06-13 10:46:19'),(80,80,'Abhishek Raj',56,'male','Resident of Yeshwanthpur, Bengaluru','9845787247','Bruises on face and arms','2026-06-13 10:46:19'),(81,81,'Sindhu Raj',57,'female','Resident of Electronic City, Bengaluru','9845961493','No visible external injury','2026-06-13 10:46:19'),(82,82,'Yash Kumar',70,'male','Resident of Hebbal, Bengaluru','9845344831','Laceration on right hand','2026-06-13 10:46:19'),(83,83,'Anitha Shetty',25,'female','Resident of Marathahalli, Bengaluru','9845875507','Bruises on face and arms','2026-06-13 10:46:19'),(84,84,'Mohan Nayak',70,'male','Resident of Yelahanka, Bengaluru','9845401659','Bruises on face and arms','2026-06-13 10:46:19'),(85,85,'Netra Rao',37,'female','Resident of Whitefield, Bengaluru','9845571923','No visible external injury','2026-06-13 10:46:19'),(86,86,'Abhishek Hegde',65,'male','Resident of Whitefield, Bengaluru','9845664139','No physical injury reported.','2026-06-13 10:46:19'),(87,87,'Sunil Aradhya',51,'male','Resident of Whitefield, Bengaluru','9845886804','No physical injury reported.','2026-06-13 10:46:19'),(88,88,'Mamatha Joshi',57,'female','Resident of JP Nagar, Bengaluru','9845865380','No physical injury reported.','2026-06-13 10:46:19'),(89,89,'Prakash Gowda',42,'male','Resident of Yeshwanthpur, Bengaluru','9845711324','No physical injury reported.','2026-06-13 10:46:19'),(90,90,'Shiva Patil',21,'male','Resident of Marathahalli, Bengaluru','9845397809','No physical injury reported.','2026-06-13 10:46:19'),(91,91,'Prakash Murthy',21,'male','Resident of Yelahanka, Bengaluru','9845587546','No physical injury reported.','2026-06-13 10:46:19'),(92,92,'Pradeep Naik',60,'male','Resident of Electronic City, Bengaluru','9845384489','No physical injury reported.','2026-06-13 10:46:19'),(93,93,'Roopa Gowda',36,'female','Resident of Koramangala, Bengaluru','9845780956','No physical injury reported.','2026-06-13 10:46:19'),(94,94,'Jyothi Naik',50,'female','Resident of Rajajinagar, Bengaluru','9845844162','No physical injury reported.','2026-06-13 10:46:19'),(95,95,'Abhishek Joshi',56,'male','Resident of Yelahanka, Bengaluru','9845657381','No physical injury reported.','2026-06-13 10:46:19'),(96,96,'Anil Hegde',50,'male','Resident of Jayanagar, Bengaluru','9845580233','No physical injury reported.','2026-06-13 10:46:19'),(97,97,'Suresh Reddy',51,'male','Resident of HSR Layout, Bengaluru','9845419739','No physical injury reported.','2026-06-13 10:46:19'),(98,98,'Shalini Naik',65,'female','Resident of Marathahalli, Bengaluru','9845264631','No physical injury reported.','2026-06-13 10:46:19'),(99,99,'Chethan Raj',40,'male','Resident of Rajajinagar, Bengaluru','9845755602','No physical injury reported.','2026-06-13 10:46:19'),(100,100,'Jyothi Deshpande',35,'female','Resident of BTM Layout, Bengaluru','9845951331','No physical injury reported.','2026-06-13 10:46:19'),(101,101,'Kiran Murthy',42,'male','Resident of Indiranagar, Bengaluru','9845954441','No physical injury reported.','2026-06-13 10:46:19'),(102,102,'Manjunatha Murthy',32,'male','Resident of Rajajinagar, Bengaluru','9845259077','No physical injury reported.','2026-06-13 10:46:19'),(103,103,'Divya Nayak',23,'female','Resident of Marathahalli, Bengaluru','9845865344','No physical injury reported.','2026-06-13 10:46:19'),(104,104,'Saraswathi Reddy',44,'female','Resident of Indiranagar, Bengaluru','9845352036','No physical injury reported.','2026-06-13 10:46:19'),(105,105,'Puneeth Raju',56,'male','Resident of Marathahalli, Bengaluru','9845445280','No physical injury reported.','2026-06-13 10:46:19'),(106,106,'Mamatha Nayak',31,'female','Resident of Jayanagar, Bengaluru','9845784167','No physical injury reported.','2026-06-13 10:46:20'),(107,107,'Ravi Aradhya',61,'male','Resident of Malleshwaram, Bengaluru','9845938970','No physical injury reported.','2026-06-13 10:46:20'),(108,108,'Girish Raju',62,'male','Resident of Hebbal, Bengaluru','9845839389','No physical injury reported.','2026-06-13 10:46:20'),(109,109,'Puneeth Nayak',59,'male','Resident of BTM Layout, Bengaluru','9845692282','No physical injury reported.','2026-06-13 10:46:20'),(110,110,'Abhishek Shetty',53,'male','Resident of Malleshwaram, Bengaluru','9845658850','No physical injury reported.','2026-06-13 10:46:20'),(111,111,'Anil Bhat',27,'male','Resident of Yeshwanthpur, Bengaluru','9845862398','No physical injury reported.','2026-06-13 10:46:20'),(112,112,'Abhishek Prasad',44,'male','Resident of Whitefield, Bengaluru','9845418083','No physical injury reported.','2026-06-13 10:46:20'),(113,113,'Shubha Murthy',27,'female','Resident of Jayanagar, Bengaluru','9845916953','No physical injury reported.','2026-06-13 10:46:20'),(114,114,'Raghav Nayak',29,'male','Resident of Rajajinagar, Bengaluru','9845127470','No physical injury reported.','2026-06-13 10:46:20'),(115,115,'Nandini Reddy',56,'female','Resident of Yeshwanthpur, Bengaluru','9845343461','No physical injury reported.','2026-06-13 10:46:20'),(116,116,'Nagaraj Gowda',40,'male','Resident of Indiranagar, Bengaluru','9845183336','No physical injury reported.','2026-06-13 10:46:20'),(117,117,'Anitha Deshpande',56,'female','Resident of Yelahanka, Bengaluru','9845591534','No physical injury reported.','2026-06-13 10:46:20'),(118,118,'Sindhu Naik',49,'female','Resident of Jayanagar, Bengaluru','9845596864','No physical injury reported.','2026-06-13 10:46:20'),(119,119,'Anil Hegde',32,'male','Resident of Rajajinagar, Bengaluru','9845133795','No physical injury reported.','2026-06-13 10:46:20'),(120,120,'Deepa Murthy',44,'female','Resident of Yeshwanthpur, Bengaluru','9845333365','No physical injury reported.','2026-06-13 10:46:20'),(121,121,'Sunil Shetty',29,'male','Resident of Shivajinagar, Bengaluru','9845560623','No physical injury reported.','2026-06-13 10:46:20'),(122,122,'Netra Bhat',47,'female','Resident of Electronic City, Bengaluru','9845358771','No physical injury reported.','2026-06-13 10:46:20'),(123,123,'Divya Kumar',56,'female','Resident of Whitefield, Bengaluru','9845871051','No physical injury reported.','2026-06-13 10:46:20'),(124,124,'Radha Naik',57,'female','Resident of Koramangala, Bengaluru','9845878533','No physical injury reported.','2026-06-13 10:46:20'),(125,125,'Santosh Rao',46,'male','Resident of Whitefield, Bengaluru','9845579094','No physical injury reported.','2026-06-13 10:46:20'),(126,126,'Basavaraj Deshpande',52,'male','Resident of Hebbal, Bengaluru','9845514828','No physical injury reported.','2026-06-13 10:46:20'),(127,127,'Manjunatha Naik',51,'male','Resident of Shivajinagar, Bengaluru','9845902328','No physical injury reported.','2026-06-13 10:46:20'),(128,128,'Sunil Raju',46,'male','Resident of BTM Layout, Bengaluru','9845517375','No physical injury reported.','2026-06-13 10:46:20'),(129,129,'Lakshmi Acharya',28,'female','Resident of Rajajinagar, Bengaluru','9845542983','No physical injury reported.','2026-06-13 10:46:20'),(130,130,'Nandini Kumar',62,'female','Resident of Rajajinagar, Bengaluru','9845642081','No physical injury reported.','2026-06-13 10:46:20'),(131,131,'Yash Acharya',23,'male','Resident of Jayanagar, Bengaluru','9845857750','No physical injury reported.','2026-06-13 10:46:20'),(132,132,'Anil Aradhya',26,'male','Resident of Hebbal, Bengaluru','9845512160','No physical injury reported.','2026-06-13 10:46:20'),(133,133,'Radha Acharya',19,'female','Resident of Indiranagar, Bengaluru','9845287567','No physical injury reported.','2026-06-13 10:46:20'),(134,134,'Geetha Hegde',47,'female','Resident of Malleshwaram, Bengaluru','9845194560','No physical injury reported.','2026-06-13 10:46:20'),(135,135,'Radha Patil',63,'female','Resident of Yeshwanthpur, Bengaluru','9845868881','No physical injury reported.','2026-06-13 10:46:20'),(136,136,'Pradeep Rao',63,'male','Resident of Indiranagar, Bengaluru','9845571228','No physical injury reported.','2026-06-13 10:46:20'),(137,137,'Shruthi Deshpande',63,'female','Resident of Jayanagar, Bengaluru','9845502744','No physical injury reported.','2026-06-13 10:46:20'),(138,138,'Darshan Aradhya',42,'male','Resident of Yelahanka, Bengaluru','9845146038','No physical injury reported.','2026-06-13 10:46:20'),(139,139,'Abhishek Nayak',28,'male','Resident of Koramangala, Bengaluru','9845251631','No physical injury reported.','2026-06-13 10:46:20'),(140,140,'Prakash Kumar',44,'male','Resident of Yeshwanthpur, Bengaluru','9845423026','No physical injury reported.','2026-06-13 10:46:20'),(141,141,'Asha Raju',58,'female','Resident of Marathahalli, Bengaluru','9845289473','No physical injury reported.','2026-06-13 10:46:20'),(142,142,'Girish Hegde',18,'male','Resident of Marathahalli, Bengaluru','9845752801','No physical injury reported.','2026-06-13 10:46:20'),(143,143,'Deepa Acharya',49,'female','Resident of Marathahalli, Bengaluru','9845996963','No physical injury reported.','2026-06-13 10:46:20'),(144,144,'Mamatha Gowda',56,'female','Resident of Koramangala, Bengaluru','9845617437','No physical injury reported.','2026-06-13 10:46:20'),(145,145,'Sunil Joshi',47,'male','Resident of HSR Layout, Bengaluru','9845530074','No physical injury reported.','2026-06-13 10:46:20'),(146,146,'Shruthi Gowda',33,'female','Resident of Whitefield, Bengaluru','9845673929','No physical injury reported.','2026-06-13 10:46:20'),(147,147,'Nandini Aradhya',70,'female','Resident of Rajajinagar, Bengaluru','9845965339','No physical injury reported.','2026-06-13 10:46:20'),(148,148,'Suresh Patil',27,'male','Resident of Jayanagar, Bengaluru','9845157738','No physical injury reported.','2026-06-13 10:46:20'),(149,149,'Kavitha Nayak',20,'female','Resident of Malleshwaram, Bengaluru','9845799396','No physical injury reported.','2026-06-13 10:46:20'),(150,150,'Radha Shetty',21,'female','Resident of Marathahalli, Bengaluru','9845214176','No physical injury reported.','2026-06-13 10:46:20'),(151,151,'Sindhu Patil',61,'female','Resident of HSR Layout, Bengaluru','9845398194','No physical injury reported.','2026-06-13 10:46:20'),(152,152,'Yash Raj',20,'male','Resident of Yeshwanthpur, Bengaluru','9845197649','No physical injury reported.','2026-06-13 10:46:20'),(153,153,'Radha Raj',42,'female','Resident of Malleshwaram, Bengaluru','9845960109','No physical injury reported.','2026-06-13 10:46:20'),(154,154,'Puneeth Aradhya',22,'male','Resident of Hebbal, Bengaluru','9845407057','No physical injury reported.','2026-06-13 10:46:20'),(155,155,'Anitha Rao',62,'female','Resident of Malleshwaram, Bengaluru','9845387748','No physical injury reported.','2026-06-13 10:46:20'),(156,156,'Saraswathi Prasad',51,'female','Resident of Malleshwaram, Bengaluru','9845320038','No physical injury reported.','2026-06-13 10:46:20'),(157,157,'Mohan Kumar',24,'male','Resident of HSR Layout, Bengaluru','9845699121','No physical injury reported.','2026-06-13 10:46:20'),(158,158,'Vinay Raju',45,'male','Resident of Rajajinagar, Bengaluru','9845738419','No physical injury reported.','2026-06-13 10:46:20'),(159,159,'Suma Deshpande',54,'female','Resident of Whitefield, Bengaluru','9845753518','No physical injury reported.','2026-06-13 10:46:20'),(160,160,'Anitha Joshi',51,'female','Resident of Shivajinagar, Bengaluru','9845864605','No physical injury reported.','2026-06-13 10:46:20'),(161,161,'Shalini Patil',57,'female','Resident of BTM Layout, Bengaluru','9845344026','Missing individual (complainant\'s relative).','2026-06-13 10:46:20'),(162,162,'Priya Gowda',25,'female','Resident of Hebbal, Bengaluru','9845125151','Missing individual (complainant\'s relative).','2026-06-13 10:46:20'),(163,163,'Shubha Rao',65,'female','Resident of Jayanagar, Bengaluru','9845989265','Missing individual (complainant\'s relative).','2026-06-13 10:46:20'),(164,164,'Mohan Prasad',44,'male','Resident of Jayanagar, Bengaluru','9845147702','Missing individual (complainant\'s relative).','2026-06-13 10:46:20'),(165,165,'Meenakshi Aradhya',69,'female','Resident of Jayanagar, Bengaluru','9845768470','Missing individual (complainant\'s relative).','2026-06-13 10:46:20'),(166,166,'Karthik Hegde',62,'male','Resident of Malleshwaram, Bengaluru','9845395307','Missing individual (complainant\'s relative).','2026-06-13 10:46:20'),(167,167,'Shruthi Raju',37,'female','Resident of Hebbal, Bengaluru','9845631302','Missing individual (complainant\'s relative).','2026-06-13 10:46:20'),(168,168,'Deepa Rao',61,'female','Resident of Marathahalli, Bengaluru','9845449472','Missing individual (complainant\'s relative).','2026-06-13 10:46:20'),(169,169,'Divya Gowda',29,'female','Resident of Yeshwanthpur, Bengaluru','9845303440','Missing individual (complainant\'s relative).','2026-06-13 10:46:20'),(170,170,'Radha Joshi',48,'female','Resident of Shivajinagar, Bengaluru','9845935981','Missing individual (complainant\'s relative).','2026-06-13 10:46:20'),(171,171,'Kiran Nayak',48,'male','Resident of Indiranagar, Bengaluru','9845262934','Missing individual (complainant\'s relative).','2026-06-13 10:46:20'),(172,172,'Mamatha Bhat',47,'female','Resident of Whitefield, Bengaluru','9845922072','Missing individual (complainant\'s relative).','2026-06-13 10:46:20'),(173,173,'Kavitha Deshpande',37,'female','Resident of Electronic City, Bengaluru','9845692385','Missing individual (complainant\'s relative).','2026-06-13 10:46:20'),(174,174,'Mamatha Aradhya',19,'female','Resident of Yeshwanthpur, Bengaluru','9845318379','Missing individual (complainant\'s relative).','2026-06-13 10:46:20'),(175,175,'Meenakshi Shetty',27,'female','Resident of Koramangala, Bengaluru','9845394083','Missing individual (complainant\'s relative).','2026-06-13 10:46:20'),(176,176,'Abhishek Naik',58,'male','Resident of BTM Layout, Bengaluru','9845660226','No physical injury reported.','2026-06-13 10:46:20'),(177,177,'Ravi Naik',29,'male','Resident of Hebbal, Bengaluru','9845724103','No physical injury reported.','2026-06-13 10:46:20'),(178,178,'Guru Bhat',63,'male','Resident of Jayanagar, Bengaluru','9845133164','No physical injury reported.','2026-06-13 10:46:20'),(179,179,'Swathi Shetty',49,'female','Resident of Electronic City, Bengaluru','9845349185','No physical injury reported.','2026-06-13 10:46:20'),(180,180,'Asha Raju',31,'female','Resident of Rajajinagar, Bengaluru','9845650607','No physical injury reported.','2026-06-13 10:46:20'),(181,181,'Sindhu Rao',41,'female','Resident of Jayanagar, Bengaluru','9845923073','No physical injury reported.','2026-06-13 10:46:20'),(182,182,'Sunil Shetty',46,'male','Resident of Hebbal, Bengaluru','9845630573','No physical injury reported.','2026-06-13 10:46:20'),(183,183,'Vinay Deshpande',27,'male','Resident of Whitefield, Bengaluru','9845299451','No physical injury reported.','2026-06-13 10:46:20'),(184,184,'Shalini Deshpande',37,'female','Resident of Rajajinagar, Bengaluru','9845913205','No physical injury reported.','2026-06-13 10:46:20'),(185,185,'Anitha Rao',70,'female','Resident of Electronic City, Bengaluru','9845641218','No physical injury reported.','2026-06-13 10:46:20'),(186,186,'Sunil Kumar',47,'male','Resident of HSR Layout, Bengaluru','9845506415','No physical injury reported.','2026-06-13 10:46:20'),(187,187,'Karthik Raju',20,'male','Resident of Yeshwanthpur, Bengaluru','9845820426','No physical injury reported.','2026-06-13 10:46:20'),(188,188,'Abhishek Acharya',20,'male','Resident of BTM Layout, Bengaluru','9845208111','No physical injury reported.','2026-06-13 10:46:20'),(189,189,'Deepa Raju',58,'female','Resident of Whitefield, Bengaluru','9845320039','No physical injury reported.','2026-06-13 10:46:20'),(190,190,'Priya Hegde',36,'female','Resident of Hebbal, Bengaluru','9845390088','No physical injury reported.','2026-06-13 10:46:20'),(191,191,'Asha Rao',35,'female','Resident of Yelahanka, Bengaluru','9845256574','No physical injury reported.','2026-06-13 10:46:20'),(192,192,'Shiva Rao',18,'male','Resident of Marathahalli, Bengaluru','9845753205','No physical injury reported.','2026-06-13 10:46:20'),(193,193,'Sunil Aradhya',40,'male','Resident of HSR Layout, Bengaluru','9845676051','No physical injury reported.','2026-06-13 10:46:20'),(194,194,'Suma Nayak',63,'female','Resident of Indiranagar, Bengaluru','9845943058','No physical injury reported.','2026-06-13 10:46:20'),(195,195,'Geetha Reddy',28,'female','Resident of Malleshwaram, Bengaluru','9845174703','No physical injury reported.','2026-06-13 10:46:20'),(196,196,'Nandini Bhat',52,'female','Resident of Jayanagar, Bengaluru','9845565198','No physical injury reported.','2026-06-13 10:46:20'),(197,197,'Girish Gowda',48,'male','Resident of Jayanagar, Bengaluru','9845808308','No physical injury reported.','2026-06-13 10:46:20'),(198,198,'Raghav Naik',21,'male','Resident of HSR Layout, Bengaluru','9845190302','No physical injury reported.','2026-06-13 10:46:20'),(199,199,'Divya Patil',63,'female','Resident of Marathahalli, Bengaluru','9845725078','No physical injury reported.','2026-06-13 10:46:20'),(200,200,'Nandini Raj',37,'female','Resident of Electronic City, Bengaluru','9845448475','No physical injury reported.','2026-06-13 10:46:20'),(201,201,'Prakash Aradhya',23,'male','Resident of JP Nagar, Bengaluru','9845892453','No physical injury reported.','2026-06-13 10:46:20'),(202,202,'Geetha Nayak',23,'female','Resident of Koramangala, Bengaluru','9845952336','No physical injury reported.','2026-06-13 10:46:20'),(203,203,'Roopa Acharya',37,'female','Resident of Malleshwaram, Bengaluru','9845817727','No physical injury reported.','2026-06-13 10:46:20'),(204,204,'Shalini Reddy',32,'female','Resident of Indiranagar, Bengaluru','9845250703','No physical injury reported.','2026-06-13 10:46:20'),(205,205,'Meenakshi Naik',29,'female','Resident of Whitefield, Bengaluru','9845833599','No physical injury reported.','2026-06-13 10:46:20'),(206,206,'Radha Acharya',49,'female','Resident of Koramangala, Bengaluru','9845131734','Bruises on face and arms','2026-06-13 10:46:20'),(207,207,'Roopa Raj',48,'female','Resident of Shivajinagar, Bengaluru','9845583646','Laceration on right hand','2026-06-13 10:46:20'),(208,208,'Meenakshi Nayak',50,'female','Resident of Malleshwaram, Bengaluru','9845207932','No visible external injury','2026-06-13 10:46:20'),(209,209,'Abhishek Aradhya',59,'male','Resident of Yeshwanthpur, Bengaluru','9845174369','Minor head injury','2026-06-13 10:46:20'),(210,210,'Divya Prasad',33,'female','Resident of HSR Layout, Bengaluru','9845751034','Laceration on right hand','2026-06-13 10:46:20'),(211,211,'Vinay Naik',22,'male','Resident of Yeshwanthpur, Bengaluru','9845457264','Laceration on right hand','2026-06-13 10:46:20'),(212,212,'Swathi Bhat',52,'female','Resident of Yelahanka, Bengaluru','9845827851','Laceration on right hand','2026-06-13 10:46:20'),(213,213,'Nagaraj Shetty',65,'male','Resident of HSR Layout, Bengaluru','9845846490','No visible external injury','2026-06-13 10:46:20'),(214,214,'Ravi Acharya',38,'male','Resident of Yelahanka, Bengaluru','9845682051','Bruises on face and arms','2026-06-13 10:46:20'),(215,215,'Sindhu Raju',43,'female','Resident of HSR Layout, Bengaluru','9845172988','Bruises on face and arms','2026-06-13 10:46:20'),(216,216,'Radha Joshi',59,'female','Resident of HSR Layout, Bengaluru','9845792232','No physical injury reported.','2026-06-13 10:46:20'),(217,217,'Pradeep Hegde',70,'male','Resident of Rajajinagar, Bengaluru','9845245664','No physical injury reported.','2026-06-13 10:46:20'),(218,218,'Girish Nayak',46,'male','Resident of Yeshwanthpur, Bengaluru','9845657062','No physical injury reported.','2026-06-13 10:46:20'),(219,219,'Divya Acharya',30,'female','Resident of Jayanagar, Bengaluru','9845315651','No physical injury reported.','2026-06-13 10:46:20'),(220,220,'Lakshmi Raju',45,'female','Resident of Indiranagar, Bengaluru','9845852658','No physical injury reported.','2026-06-13 10:46:20');
/*!40000 ALTER TABLE `victims` ENABLE KEYS */;
UNLOCK TABLES;
/*!40103 SET TIME_ZONE=@OLD_TIME_ZONE */;

/*!40101 SET SQL_MODE=@OLD_SQL_MODE */;
/*!40014 SET FOREIGN_KEY_CHECKS=@OLD_FOREIGN_KEY_CHECKS */;
/*!40014 SET UNIQUE_CHECKS=@OLD_UNIQUE_CHECKS */;
/*!40101 SET CHARACTER_SET_CLIENT=@OLD_CHARACTER_SET_CLIENT */;
/*!40101 SET CHARACTER_SET_RESULTS=@OLD_CHARACTER_SET_RESULTS */;
/*!40101 SET COLLATION_CONNECTION=@OLD_COLLATION_CONNECTION */;
/*!40111 SET SQL_NOTES=@OLD_SQL_NOTES */;

-- Dump completed on 2026-06-26 11:30:13
